Board_State,Optimal_Moves
XOXOXOOX ,8
XOXOXO XO,6
XOXOXO X ,
XOXOXO   ,6 8
XOXOXXOO ,8
XOXOXXO O,7
XOXOXXO  ,8
XOXOX OXO,5
XOXOX OX ,8
XOXOX O  ,8
XOXOXX OO,6
XOXOXX O ,
XOXOX  O ,6 8
XOXOXX  O,6
XOXOX  XO,6
XOXOX   O,6
XOXOX    ,
XOXOOXX O,7
XOXOOXX  ,7
XOXOOXOX ,8
XOXOOX XO,6
XOXOOX X ,8
XOXOOX   ,8
XOXO XOXO,4
XOXO XOX ,8
XOXO XO  ,8
XOXO XXOO,4
XOXO XXO ,4
XOXO X O ,8
XOXO XX O,4
XOXO X XO,4 6
XOXO X  O,4 6 7
XOXO X   ,8
XOXOO XXO,5
XOXOO XX ,5
XOXOO X X,5 7
XOXOO X  ,
XOXO OXXO,4
XOXO OXX ,4
XOXO OXOX,4
XOXO OX X,4
XOXO OX  ,4
XOXO  XOX,4
XOXO  XO ,4
XOXO  XXO,4
XOXO  X O,4
XOXO  X  ,4
XOXOO OXX,5
XOXOO  XX,5
XOXOO  X ,5
XOXO OOXX,4
XOXO O XX,4
XOXO O X ,4
XOXO  OXX,
XOXO  OX ,8
XOXO   XO,4 5 6
XOXO   X ,4 8
XOXOO   X,5
XOXO O  X,4
XOXO  O X,4 5
XOXO   OX,4 5
XOXO    X,
XOXO     ,4 8
XOXXOOOX ,8
XOXXOO XO,6
XOXXOO X ,6
XOXXOOO X,7
XOXXOO  X,7
XOXXOO   ,6
XOXXOXO O,7
XOXXOXO  ,7
XOXXO OXO,5
XOXXO OX ,5 8
XOXXO O X,7
XOXXO O  ,7
XOXXOX  O,7
XOXXO  XO,6
XOXXO   O,6
XOXXO    ,7
XOX OXOXO,3
XOX OXOX ,8
XOX OXO  ,8
XOX OXX O,7
XOX OX XO,3 6
XOX OX  O,7
XOX OX   ,7
XOX OOXXO,3
XOX OOXX ,3
XOX OOX X,3 7
XOX OOX  ,3
XOX O XXO,3
XOX O X O,3
XOX O X  ,7
XOX OOOXX,3
XOX OO XX,3
XOX OO X ,3
XOX O OXX,5
XOX O OX ,3 5 8
XOX O  XO,3 5 6
XOX O  X ,3 5 6 8
XOX OO  X,
XOX O O X,5
XOX O   X,7
XOX O    ,7
XOXXXOOO ,8
XOXXXOO O,7
XOXXXOO  ,8
XOXX OOXO,4
XOXX OOX ,4 8
XOXX OOOX,4
XOXX OO X,4
XOXX OO  ,4 7 8
XOXXXO OO,6
XOXXXO O ,
XOXX O OX,4
XOXX O O ,6
XOXXXO  O,6
XOXX O XO,6
XOXX O  O,6
XOXX O   ,6
XOX XOOXO,3
XOX XOOX ,8
XOX XOO  ,8
XOX XO O ,6 8
XOX XO XO,6
XOX XO  O,6
XOX XO   ,
XOX  OXOX,4
XOX  OXO ,3 4
XOX  OXXO,
XOX  OX O,3 4
XOX  OX  ,
XOX  OOXX,4
XOX  OOX ,3 4 8
XOX  O XO,6
XOX  O X ,4 6
XOX  OO X,4
XOX  O OX,4
XOX  O  X,4
XOX  O   ,4 6
XOXXX OO ,8
XOXX XOO ,4 8
XOXX  OOX,4
XOXX  OO ,
XOXXX O O,7
XOXX XO O,7
XOXX  OXO,4 5
XOXX  O O,7
XOXX  O  ,7
XOX XXOO ,8
XOX X OO ,8
XOX XXO O,7
XOX X OXO,3 5
XOX X O O,7
XOX X O  ,8
XOX  XOO ,8
XOX  XOXO,3 4
XOX  XO O,7
XOX  XO  ,8
XOX   OXO,3 4 5
XOX   OX ,4 5 8
XOX   OOX,4 5
XOX   O X,
XOX   O  ,8
XOXXX  OO,6
XOXX X OO,4 6
XOXX   OO,6
XOXX   O ,4
XOX XX OO,6
XOX X  OO,6
XOX X  O ,
XOX  XXOO,4
XOX  X OO,
XOX  X O ,4
XOX   XOO,3 4
XOX   XO ,4
XOX    OX,4
XOX    O ,4
XOXX    O,6
XOX X   O,6
XOX  X  O,7
XOX   X O,
XOX    XO,3 4 6
XOX     O,6
XOX      ,4
XOOXXOOX ,8
XOOXXO X ,8
XOOXXO   ,6 8
XOOXX OXO,5
XOOXX OX ,
XOOXX O  ,5 8
XOOXX  O ,5 6 8
XOOXX  XO,5
XOOXX   O,5 6
XOOXX    ,
XOOXOX XO,6
XOOXOX X ,6
XOOXOX  X,6 7
XOOXOX   ,6
XOOX XOXO,4
XOOX XOX ,4
XOOX XOOX,4
XOOX XO X,4
XOOX XO  ,4
XOOX X OX,4
XOOX X O ,4 6
XOOX X XO,
XOOX X  O,4 6
XOOX X   ,
XOOXOO XX,6
XOOXO  XX,6
XOOXO  X ,6
XOOX OOXX,4
XOOX O XX,
XOOX O X ,6
XOOX  OXX,4
XOOX  OX ,4
XOOX   XO,6
XOOX   X ,
XOOXO   X,6
XOOX O  X,4 6
XOOX  O X,4
XOOX   OX,4 6
XOOX    X,
XOOX     ,6
XO XOXOXO,2
XO XOXOX ,2
XO XOXO X,2 7
XO XOXO  ,
XO XOX XO,6
XO XOX  O,6
XO XOX   ,7
XO XOOOXX,2
XO XOO XX,6
XO XOO X ,6
XO XO OXX,2
XO XO OX ,2
XO XO  XO,6
XO XO  X ,6
XO XOO  X,6
XO XO O X,
XO XO   X,7
XO XO    ,6
XO XXOOXO,2
XO XXOOX ,8
XO XXOO  ,8
XO XXO O ,6 8
XO XXO XO,2
XO XXO  O,6
XO XXO   ,
XO X OOXX,4
XO X OOX ,2 4 8
XO X O XO,6
XO X O X ,6
XO X OO X,4
XO X O OX,4 6
XO X O  X,
XO X O   ,6
XO XX OO ,5 8
XO XX OXO,5
XO XX O O,5
XO XX O  ,
XO X XOOX,4
XO X XOO ,4
XO X XOXO,4
XO X XO O,4
XO X XO  ,4
XO X  OXO,2 4 5
XO X  OX ,4 5 8
XO X  OOX,4
XO X  O X,4
XO X  O  ,4
XO XX  OO,5 6
XO XX  O ,
XO X X OO,4 6
XO X X O ,4
XO X   OX,4
XO X   O ,6
XO XX   O,
XO X X  O,
XO X   XO,6
XO X    O,6
XO X     ,
XOOOXXXO ,8
XOOOXXX O,7
XOOOXXX  ,8
XOOOXXOX ,8
XOOOXX XO,6
XOOOXX X ,8
XOOOXX   ,8
XOO XXOXO,3
XOO XXOX ,
XOO XXO  ,3 8
XOO XXXOO,3
XOO XXXO ,
XOO XX O ,3 8
XOO XXX O,3
XOO XX XO,3
XOO XX  O,3
XOO XX   ,
XOOOXOXX ,8
XOOOX XXO,5
XOOOX XX ,8
XOOOX X  ,8
XOO XOXX ,8
XOO XOX  ,3 8
XOO X XO ,3 8
XOO X XXO,5
XOO X X O,3
XOO X X  ,
XOOOX  X ,8
XOO XO X ,8
XOO X OX ,8
XOO X  XO,5
XOO X  X ,8
XOO X    ,8
XO OXXOXO,2
XO OXXOX ,8
XO OXXO  ,8
XO OXXXOO,2
XO OXXXO ,
XO OXX O ,8
XO OXXX O,2
XO OXX XO,2 6
XO OXX  O,2 6 7
XO OXX   ,8
XO OXOXXO,2
XO OXOXX ,
XO OXOX  ,2 8
XO OX XO ,2 8
XO OX XXO,2
XO OX X O,2
XO OX X  ,
XO OXO X ,8
XO OX OX ,8
XO OX  XO,2 5 6
XO OX  X ,8
XO OX    ,8
XO  XOXO ,2 3 8
XO  XOXXO,2
XO  XOX O,2 3
XO  XOX  ,
XO  XOOX ,8
XO  XO XO,2
XO  XO X ,8
XO  XO   ,8
XO  XXOO ,3 8
XO  XXOXO,3
XO  XXO O,3
XO  XXO  ,
XO  X OXO,2 3 5
XO  X OX ,8
XO  X O  ,8
XO  XXXOO,
XO  XX OO,3
XO  XX O ,
XO  X XOO,2 3
XO  X XO ,
XO  X  O ,8
XO  XX  O,3
XO  X X O,
XO  X  XO,2 3 5 6
XO  X   O,3 6
XO  X    ,
XOOOOXXX ,8
XOOO XXXO,4
XOOO XXX ,8
XOOOOXX X,7
XOOO XXOX,4
XOOO XX X,
XOOO XX  ,8
XOO OXXXO,3
XOO OXXX ,
XOO OXX X,7
XOO OXX  ,3
XOO  XXOX,4
XOO  XXO ,3
XOO  XXXO,3
XOO  XX O,3
XOO  XX  ,
XOOOOX XX,6
XOOO XOXX,4
XOOO X XX,
XOOO X X ,8
XOO OX XX,6
XOO OX X ,6
XOO  XOXX,4
XOO  XOX ,4
XOO  X XO,3
XOO  X X ,
XOOO X  X,4
XOO OX  X,
XOO  XO X,4
XOO  X OX,4
XOO  X  X,4
XOO  X   ,3 4
XO OOXXXO,2
XO OOXXX ,8
XO OOXX X,7
XO OOXX  ,7
XO O XXOX,4
XO O XXO ,4
XO O XXXO,2 4
XO O XX O,2 4 7
XO O XX  ,4 8
XO OOXOXX,2
XO OOX XX,
XO OOX X ,8
XO O XOXX,
XO O XOX ,8
XO O X XO,2 4 6
XO O X X ,8
XO OOX  X,2
XO O XO X,2 4
XO O X OX,2 4
XO O X  X,
XO O X   ,8
XO  OXXXO,3
XO  OXX O,3
XO  OXX  ,7
XO  OXOXX,2
XO  OXOX ,2
XO  OX XO,2 3 6
XO  OX X ,6 8
XO  OXO X,2
XO  OX  X,7
XO  OX   ,7
XO   XOXO,2 3 4
XO   XOX ,4 8
XO   XOOX,2 4
XO   XO X,
XO   XO  ,4 8
XO   XXOO,3
XO   XXO ,4
XO   X OX,4
XO   X O ,4
XO   XX O,3
XO   X XO,3 4 6
XO   X  O,3
XO   X   ,4
XOOO  XX ,8
XOO O XX ,3 8
XOO  OXX ,3 8
XOO   XXO,3
XOO   XX ,
XOOO  X X,4 7
XOO O X X,3 7
XOO  OX X,3 4 7
XOO   XOX,3 4
XOO   X X,
XOO   X  ,3
XO OO XX ,8
XO O OXX ,8
XO O  XXO,2 4 5
XO O  XX ,8
XO OO X X,7
XO O OX X,4 7
XO O  XOX,4
XO O  X X,
XO O  X  ,4 8
XO  OOXX ,3 8
XO  O XXO,3
XO  O XX ,
XO  OOX X,3 7
XO  O X X,7
XO  O X  ,3
XO   OXXO,3
XO   OXX ,
XO   OXOX,3 4
XO   OX X,
XO   OX  ,3
XO    XOX,4
XO    XO ,3
XO    XXO,3
XO    X O,3
XO    X  ,
XOOO   XX,4 6
XOO O  XX,6
XOO  O XX,4 6
XOO   OXX,4
XOO    XX,
XOO    X ,6 8
XO OO  XX,6
XO O O XX,4 6
XO O  OXX,4
XO O   XX,
XO O   X ,8
XO  OO XX,6
XO  O OXX,2
XO  O  XX,6
XO  O  X ,6
XO   OOXX,4
XO   O XX,
XO   O X ,6 8
XO    OXX,4
XO    OX ,2 3 4 5 8
XO     XO,2 3 4 5 6
XO     X ,6 8
XOO     X,4
XO O    X,4
XO  O   X,7
XO   O  X,4
XO    O X,4
XO     OX,4
XO      X,4
XO       ,3 4 6
XXOOXOXO ,8
XXOOXOX  ,8
XXOOXO   ,7 8
XXOOXXOO ,8
XXOOXXO O,7
XXOOXXO  ,
XXOOX O  ,7 8
XXOOXX OO,6
XXOOXX O ,8
XXOOX XOO,5
XXOOX XO ,8
XXOOX  O ,8
XXOOXX  O,7
XXOOX X O,5
XXOOX   O,7
XXOOX    ,
XXOOOXXO ,8
XXOOOXX O,7
XXOOOXX  ,7 8
XXOOOX XO,6
XXOOOX X ,6
XXOOOX OX,6
XXOOOX  X,6
XXOOOX   ,6
XXOO XOXO,4
XXOO XOX ,4
XXOO XOOX,4
XXOO XO X,4
XXOO XO  ,4
XXOO XXOO,4
XXOO XXO ,4 8
XXOO X OX,4
XXOO X O ,4 6 8
XXOO XX O,4 7
XXOO X XO,4
XXOO X  O,4 6 7
XXOO X   ,4 7 8
XXOOO XXO,5
XXOOO XX ,5
XXOOO XOX,5
XXOOO X X,5
XXOOO X  ,5
XXOO OXX ,4 8
XXOO OXOX,4
XXOO OX X,4
XXOO OX  ,
XXOO  XOX,4
XXOO  XO ,4 5 8
XXOO  XXO,5
XXOO  X O,5
XXOO  X  ,5
XXOOO  XX,5 6
XXOOO  X ,
XXOO OOXX,4
XXOO O XX,4
XXOO O X ,4
XXOO  OXX,4
XXOO  OX ,4
XXOO   XO,4
XXOO   X ,4
XXOOO   X,
XXOO O  X,4
XXOO  O X,4
XXOO   OX,4
XXOO    X,4
XXOO     ,4
XXOXOO X ,6 8
XXOXOO OX,6
XXOXOO  X,6
XXOXOO   ,6
XXOXOX OO,6
XXOXOX O ,6
XXOXO  OX,6
XXOXO  O ,6
XXOXOX  O,6
XXOXO  XO,5 6
XXOXO   O,6
XXOXO    ,6
XXO OXXOO,3
XXO OXXO ,3
XXO OX OX,6
XXO OX O ,6
XXO OXX O,3
XXO OX XO,6
XXO OX  O,6
XXO OX   ,6
XXO OOXX ,3 8
XXO OOXOX,3
XXO OOX X,3
XXO OOX  ,3
XXO O XOX,3
XXO O XO ,3
XXO O XXO,5
XXO O X O,3
XXO O X  ,3
XXO OO XX,3 6
XXO OO X ,
XXO O  XO,
XXO O  X ,6
XXO OO  X,
XXO O  OX,6
XXO O   X,6
XXO O    ,6
XXOXXOOO ,8
XXOXXOO  ,8
XXOX OOX ,4 8
XXOX OOOX,4
XXOX OO X,4
XXOX OO  ,
XXOXXO O ,8
XXOX O OX,
XXOX O O ,6
XXOX O   ,8
XXO XOO  ,7 8
XXO XOXO ,8
XXO XO O ,8
XXO XO   ,8
XXO  OXOX,
XXO  OXO ,3
XXO  OX  ,8
XXO  OOXX,4
XXO  OOX ,4
XXO  O X ,8
XXO  OO X,4
XXO  O OX,4
XXO  O  X,4
XXO  O   ,
XXOXX OO ,8
XXOX XOO ,4 8
XXOX  OOX,4
XXOX  OO ,
XXOXX O O,5 7
XXOX XO O,4 7
XXOX  OXO,4 5
XXOX  O O,
XXOX  O  ,4
XXO XXOO ,8
XXO X OO ,8
XXO XXO O,7
XXO X O O,7
XXO X O  ,
XXO  XOOX,4
XXO  XOO ,
XXO  XOXO,4
XXO  XO O,
XXO  XO  ,4
XXO   OXO,4
XXO   OX ,4
XXO   OOX,4
XXO   O X,4
XXO   O  ,4
XXOXX  OO,5 6
XXOX X OO,6
XXOX   OO,6
XXOX   O ,6
XXO XX OO,6
XXO X XOO,5
XXO X  OO,
XXO X  O ,8
XXO  XXOO,3
XXO  X OO,6
XXO  X O ,6
XXO   XOO,3
XXO   XO ,3
XXO    OX,4
XXO    O ,6 8
XXOX    O,5
XXO X   O,5
XXO  X  O,6
XXO   X O,5
XXO    XO,5
XXO     O,
XXO      ,5 8
X OXOX OX,1 6
X OXOX O ,6
X OXOX XO,6
X OXOX  O,6
X OXOX   ,6
X OXOO XX,6
X OXOO X ,6
X OXO  XO,6
X OXO  X ,6
X OXOO  X,6
X OXO  OX,6
X OXO   X,6
X OXO    ,6
X OXXOOX ,8
X OXXOO  ,8
X OXXO O ,6 8
X OXXO   ,8
X OX OOXX,4
X OX OOX ,
X OX O X ,8
X OX OO X,4
X OX O OX,4 6
X OX O  X,
X OX O   ,6
X OXX OO ,5 8
X OXX OXO,5
X OXX O O,5
X OXX O  ,
X OX XOOX,4
X OX XOO ,4
X OX XOXO,4
X OX XO O,4
X OX XO  ,4
X OX  OXO,
X OX  OX ,4
X OX  OOX,4
X OX  O X,4
X OX  O  ,4
X OXX  OO,5 6
X OXX  O ,
X OX X OO,4 6
X OX X O ,
X OX   OX,
X OX   O ,6
X OXX   O,5
X OX X  O,
X OX   XO,5
X OX    O,6
X OX     ,
X OOXXOXO,1
X OOXXOX ,
X OOXXO  ,8
X OOXXXOO,1
X OOXXXO ,8
X OOXX O ,8
X OOXXX O,1 7
X OOXX XO,1
X OOXX  O,1 6 7
X OOXX   ,8
X OOXOXX ,8
X OOXOX  ,8
X OOX XO ,8
X OOX XXO,5
X OOX X O,5
X OOX X  ,8
X OOXO X ,1 8
X OOX OX ,1 8
X OOX  XO,1
X OOX  X ,
X OOX    ,8
X O XOXO ,3 8
X O XOX  ,8
X O XOOX ,1 8
X O XO X ,8
X O XO   ,8
X O XXOO ,3 8
X O XXOXO,
X O XXO O,3
X O XXO  ,
X O X OXO,1
X O X OX ,
X O X O  ,8
X O XXXOO,3
X O XX OO,3
X O XX O ,
X O X XOO,3
X O X XO ,
X O X  O ,8
X O XX  O,3
X O X X O,5
X O X  XO,5
X O X   O,5
X O X    ,8
X OOOXXXO,1
X OOOXXX ,8
X OOOXXOX,1
X OOOXX X,7
X OOOXX  ,1 7 8
X OO XXOX,4
X OO XXO ,1 4 8
X OO XXXO,1 4
X OO XX O,1 4 7
X OO XX  ,4 7 8
X OOOX XX,6
X OOOX X ,6
X OO XOXX,4
X OO XOX ,4
X OO X XO,1 4 6
X OO X X ,4 8
X OOOX  X,6
X OO XO X,4
X OO X OX,4
X OO X  X,4
X OO X   ,1 4 6 7 8
X O OXXOX,1
X O OXXO ,3
X O OXXXO,3
X O OXX O,3
X O OXX  ,3
X O OX XO,6
X O OX X ,6
X O OX OX,
X O OX  X,6
X O OX   ,6
X O  XOXO,4
X O  XOX ,4
X O  XOOX,4
X O  XO X,4
X O  XO  ,4
X O  XXOO,3
X O  XXO ,3
X O  X OX,4
X O  X O ,3 4
X O  XX O,3
X O  X XO,3 4
X O  X  O,3
X O  X   ,3 4
X OOO XX ,8
X OO OXX ,8
X OO  XXO,5
X OO  XX ,8
X OOO X X,7
X OO OX X,4 7
X OO  XOX,4
X OO  X X,
X OO  X  ,8
X O OOXX ,3 8
X O O XXO,3
X O O XX ,
X O OOX X,3 7
X O O XOX,3
X O O X X,
X O O X  ,3
X O  OXX ,8
X O  OXOX,3 4
X O  OX X,
X O  OX  ,3
X O   XOX,
X O   XO ,3
X O   XXO,5
X O   X O,3
X O   X  ,
X OOO  XX,6
X OO O XX,4 6
X OO  OXX,4
X OO   XX,
X OO   X ,4 8
X O OO XX,6
X O O  XX,6
X O O  X ,6
X O  OOXX,4
X O  O XX,
X O  O X ,8
X O   OXX,4
X O   OX ,4
X O    XO,5
X O    X ,8
X OO    X,4
X O O   X,6
X O  O  X,4
X O   O X,4
X O    OX,4
X O     X,
X O      ,3 6 8
XX OOXOXO,2
XX OOXOX ,2
XX OOXOOX,2
XX OOXO X,2
XX OOXO  ,2
XX OOXXOO,2
XX OOXXO ,2
XX OOX OX,2
XX OOX O ,2
XX OOXX O,2
XX OOX XO,2
XX OOX  O,2
XX OOX   ,2
XX OO XOX,5
XX OO XO ,2
XX OO XXO,5
XX OO X O,2
XX OO X  ,5
XX OO OXX,2 5
XX OO OX ,2
XX OO  XO,2
XX OO  X ,5
XX OO O X,2
XX OO  OX,2
XX OO   X,5
XX OO    ,2
XX OXOO  ,2 7 8
XX OXOXOO,2
XX OXOXO ,
XX OXO O ,2 8
XX OXOX O,2
XX OXO  O,2 7
XX OXO   ,
XX O OXOX,4
XX O OXO ,2
XX O OXXO,2 4
XX O OX O,2
XX O OX  ,4
XX O OOXX,4
XX O OOX ,2 4
XX O O XO,2 4
XX O O X ,4
XX O OO X,2 4
XX O O OX,2 4
XX O O  X,4
XX O O   ,2
XX OXXOO ,8
XX OX OO ,2 8
XX OXXO O,7
XX OX O O,2 7
XX OX O  ,
XX O XOOX,
XX O XOO ,2
XX O XOXO,
XX O XO O,2
XX O XO  ,
XX O  OXO,2 4
XX O  OX ,
XX O  OOX,2 4
XX O  O X,
XX O  O  ,2
XX OXX OO,6
XX OX XOO,2
XX OX  OO,2
XX OX  O ,
XX O XXOO,2
XX O X OO,2
XX O X O ,2
XX O  XOO,2
XX O  XO ,2
XX O   OX,
XX O   O ,2
XX OX   O,
XX O X  O,2
XX O  X O,2
XX O   XO,
XX O    O,2
XX O     ,
X XOOXOXO,1
X XOOXOX ,
X XOOXO  ,1 8
X XOOXXOO,1
X XOOXXO ,1
X XOOX O ,1 8
X XOOXX O,1
X XOOX XO,1
X XOOX  O,1
X XOOX   ,
X XOO XOX,1 5
X XOO XO ,1
X XOO XXO,5
X XOO X O,1
X XOO X  ,5
X XOO OXX,5
X XOO OX ,1
X XOO  XO,1
X XOO  X ,5
X XOO O X,1 5
X XOO  OX,1 5
X XOO   X,5
X XOO    ,1
X XOXOOXO,1
X XOXOOX ,
X XOXOO  ,1 8
X XOXO O ,1 6 8
X XOXO XO,
X XOXO  O,1 6
X XOXO   ,
X XO OXOX,4
X XO OXO ,1 4
X XO OXXO,4
X XO OX O,1 4
X XO OX  ,4
X XO OOXX,4
X XO OOX ,1
X XO O XO,1
X XO O X ,4
X XO OO X,1 4
X XO O OX,1 4
X XO O  X,4
X XO O   ,1
X XOXXOO ,8
X XOX OO ,1 8
X XOXXO O,7
X XOX OXO,1
X XOX O O,1
X XOX O  ,
X XO XOO ,1 8
X XO XOXO,1
X XO XO O,1
X XO XO  ,
X XO  OXO,1
X XO  OX ,
X XO  OOX,1 4 5
X XO  O X,
X XO  O  ,1
X XOXX OO,6
X XOX  OO,1 6
X XOX  O ,
X XO XXOO,
X XO X OO,1
X XO X O ,
X XO  XOO,1 4
X XO  XO ,
X XO   OX,
X XO   O ,1
X XOX   O,
X XO X  O,1
X XO  X O,
X XO   XO,1
X XO    O,1
X XO     ,
X  OXOXO ,2 8
X  OXOXXO,2
X  OXOX O,2
X  OXOX  ,
X  OXOOX ,1 8
X  OXO XO,1
X  OXO X ,
X  OXO   ,8
X  OXXOO ,8
X  OXXOXO,1
X  OXXO O,7
X  OXXO  ,8
X  OX OXO,1
X  OX OX ,
X  OX O  ,8
X  OXXXOO,2
X  OXX OO,6
X  OXX O ,8
X  OX XOO,2
X  OX XO ,
X  OX  O ,8
X  OXX  O,1 2 6 7
X  OX X O,2
X  OX  XO,1
X  OX   O,1 2
X  OX    ,
X  OOXXOX,1
X  OOXXO ,1
X  OOXXXO,1 2
X  OOXX O,1 2 7
X  OOXX  ,1 2 7 8
X  OOXOXX,2
X  OOXOX ,2
X  OOX XO,1 2 6
X  OOX X ,2 8
X  OOXO X,2
X  OOX OX,2
X  OOX  X,2
X  OOX   ,2
X  O XOXO,1
X  O XOX ,
X  O XOOX,2 4
X  O XO X,
X  O XO  ,2 8
X  O XXOO,2
X  O XXO ,2 4
X  O X OX,
X  O X O ,2 8
X  O XX O,1 2 4
X  O X XO,1 2 4
X  O X  O,1 2 4 6 7
X  O X   ,2 8
X  OO XXO,5
X  OO XX ,5
X  OO XOX,
X  OO X X,5
X  OO X  ,5
X  O OXXO,
X  O OXX ,4
X  O OXOX,4
X  O OX X,4
X  O OX  ,4
X  O  XOX,4
X  O  XO ,2 4
X  O  XXO,5
X  O  X O,2
X  O  X  ,4
X  OO OXX,
X  OO  XX,5
X  OO  X ,5
X  O OOXX,4
X  O O XX,4
X  O O X ,4
X  O  OXX,4
X  O  OX ,1 4
X  O   XO,1
X  O   X ,4
X  OO   X,5
X  O O  X,4
X  O  O X,4
X  O   OX,4
X  O    X,4
X  O     ,1 2 4
XX XOOOXO,2
XX XOOOX ,2
XX XOOOOX,2
XX XOOO X,2
XX XOOO  ,2
XX XOO OX,
XX XOO O ,2 6
XX XOO XO,2
XX XOO  O,2 6
XX XOO   ,
XX  OOXOX,3
XX  OOXO ,2 3
XX  OOXXO,2 3
XX  OOX O,2 3
XX  OOX  ,3
XX  OOOXX,2 3
XX  OOOX ,2
XX  OO XO,2
XX  OO X ,3
XX  OOO X,2
XX  OO OX,2
XX  OO  X,3
XX  OO   ,2
XX XOXOO ,2 8
XX XO OOX,2
XX XO OO ,2
XX XOXO O,2 7
XX XO OXO,2
XX XO O O,2
XX XO O  ,2
XX  OXOOX,2
XX  OXOO ,2
XX  OXOXO,2
XX  OXO O,2
XX  OXO  ,2
XX  O OXO,2
XX  O OX ,2
XX  O OOX,2
XX  O O X,2
XX  O O  ,2
XX XOX OO,6
XX XO  OO,2 6
XX XO  O ,
XX  OXXOO,
XX  OX OO,2
XX  OX O ,2
XX  O XOO,2 3
XX  O XO ,
XX  O  OX,2
XX  O  O ,2
XX XO   O,
XX  OX  O,2
XX  O X O,
XX  O  XO,2
XX  O   O,2
XX  O    ,2
X XXOOOXO,1
X XXOOOX ,1
X XXOOOOX,1
X XXOOO X,1
X XXOOO  ,1
X XXOO OX,1
X XXOO O ,1 6
X XXOO XO,
X XXOO  O,1 6
X XXOO   ,
X X OOXOX,1 3
X X OOXO ,1 3
X X OOXXO,3
X X OOX O,1 3
X X OOX  ,3
X X OOOXX,3
X X OOOX ,1
X X OO XO,1
X X OO X ,3
X X OOO X,1
X X OO OX,1
X X OO  X,3
X X OO   ,1
X XXOXOO ,1 8
X XXO OOX,1
X XXO OO ,1
X XXOXO O,7
X XXO OXO,1
X XXO O O,1
X XXO O  ,1
X X OXOO ,1 8
X X OXOXO,1
X X OXO O,1
X X OXO  ,
X X O OXO,1
X X O OX ,1
X X O OOX,1 5
X X O O X,
X X O O  ,1
X XXOX OO,1 6
X XXO  OO,1 6
X XXO  O ,1
X X OXXOO,1
X X OX OO,1
X X OX O ,1
X X O XOO,1 3
X X O XO ,1
X X O  OX,1
X X O  O ,1
X XXO   O,
X X OX  O,1
X X O X O,
X X O  XO,1
X X O   O,1
X X O    ,1
X  XOOOXX,2
X  XOOOX ,2
X  XOO XO,6
X  XOO X ,6
X  XOOO X,2
X  XOO OX,6
X  XOO  X,6
X  XOO   ,6
X  XOXOOX,1 2
X  XOXOO ,
X  XOXOXO,2
X  XOXO O,
X  XOXO  ,2
X  XO OXO,2
X  XO OX ,2
X  XO OOX,
X  XO O X,2
X  XO O  ,2
X  XOX OO,6
X  XOX O ,1
X  XO  OX,1
X  XO  O ,6
X  XOX  O,6
X  XO  XO,6
X  XO   O,6
X  XO    ,6
X   OXOXO,2
X   OXOX ,2
X   OXOOX,2
X   OXO X,2
X   OXO  ,2
X   OXXOO,3
X   OXXO ,1
X   OX OX,1
X   OX O ,1
X   OXX O,3
X   OX XO,1 2 3 6
X   OX  O,1 2 6 7
X   OX   ,1 2 7 8
X   OOXXO,3
X   OOXX ,3
X   OOXOX,3
X   OOX X,3
X   OOX  ,3
X   O XOX,1
X   O XO ,3
X   O XXO,3
X   O X O,3
X   O X  ,3
X   OOOXX,
X   OO XX,3
X   OO X ,3
X   O OXX,2
X   O OX ,2
X   O  XO,2 3 5 6
X   O  X ,3 5 6 8
X   OO  X,3
X   O O X,2
X   O  OX,1
X   O   X,1 3 5 7
X   O    ,1 2 3 5 6 7 8
XX XXOOO ,8
XX X OOOX,
XX X OOO ,2
XX XXOO O,2 7
XX X OOXO,2
XX X OO O,2
XX X OO  ,2
XX  XOOO ,2 8
XX  XOO O,2 7
XX  XOO  ,
XX   OOXO,2 4
XX   OOX ,
XX   OOOX,2 4
XX   OO X,
XX   OO  ,2
XX XXO OO,2 6
XX X O OO,2 6
XX X O O ,
XX  XOXOO,2
XX  XO OO,2
XX  XO O ,
XX   OXOO,2 3
XX   OXO ,
XX   O OX,
XX   O O ,2
XX X O  O,2
XX  XO  O,2
XX   OX O,2
XX   O XO,2
XX   O  O,2
XX   O   ,2
X XXXOOO ,8
X XX OOOX,
X XX OOO ,1
X XXXOO O,7
X XX OOXO,1
X XX OO O,1
X XX OO  ,1
X X XOOO ,1 8
X X XOOXO,1
X X XOO O,1
X X XOO  ,
X X  OOXO,1
X X  OOX ,1
X X  OOOX,1 4
X X  OO X,
X X  OO  ,1
X XXXO OO,6
X XX O OO,1 6
X XX O O ,
X X XO OO,1 6
X X XO O ,
X X  OXOO,1 3 4
X X  OXO ,
X X  O OX,
X X  O O ,1
X XX O  O,
X X XO  O,
X X  OX O,
X X  O XO,
X X  O  O,1
X X  O   ,
X  XXOOO ,8
X  XXOOXO,2
X  XXOO O,
X  XXOO  ,8
X  X OOXO,2
X  X OOX ,2
X  X OOOX,4
X  X OO X,4
X  X OO  ,2 8
X  XXO OO,6
X  XXO O ,
X  X O OX,
X  X O O ,6
X  XXO  O,2
X  X O XO,2
X  X O  O,6
X  X O   ,6
X   XOOXO,1
X   XOOX ,
X   XOO  ,8
X   XOXOO,2 3
X   XOXO ,
X   XO O ,8
X   XOX O,2
X   XO XO,2
X   XO  O,2
X   XO   ,
X    OXOX,
X    OXO ,3
X    OXXO,2
X    OX O,3
X    OX  ,
X    OOXX,4
X    OOX ,1 4
X    O XO,2
X    O X ,4
X    OO X,4
X    O OX,4
X    O  X,4
X    O   ,2 4 6
XX X  OO ,8
XX  X OO ,8
XX   XOO ,8
XX    OOX,
XX    OO ,2
XX X  O O,7
XX  X O O,7
XX   XO O,7
XX    OXO,
XX    O O,2
XX    O  ,
X XX  OO ,8
X X X OO ,8
X X  XOO ,8
X X   OOX,
X X   OO ,1
X XX  O O,7
X X X O O,7
X X  XO O,7
X X   OXO,1
X X   O O,1
X X   O  ,
X  XX OO ,8
X  X XOO ,8
X  X  OOX,4
X  X  OO ,
X  XX O O,7
X  X XO O,7
X  X  OXO,2
X  X  O O,
X  X  O  ,7 8
X   XXOO ,8
X   X OO ,8
X   XXO O,7
X   X OXO,1
X   X O O,7
X   X O  ,8
X    XOOX,
X    XOO ,8
X    XOXO,1 4
X    XO O,7
X    XO  ,8
X     OXO,1
X     OX ,1 4
X     OOX,4
X     O X,
X     O  ,1 2 8
XX X   OO,6
XX  X  OO,6
XX   X OO,6
XX    XOO,
XX     OO,2
XX     O ,2
X XX   OO,6
X X X  OO,6
X X  X OO,6
X X   XOO,
X X    OO,1
X X    O ,
X  XX  OO,6
X  X X OO,6
X  X   OO,6
X  X   O ,6
X   XX OO,6
X   X XOO,
X   X  OO,6
X   X  O ,
X    XXOO,
X    X OO,6
X    X O ,4
X     XOO,3
X     XO ,
X      OX,4
X      O ,2 4 6
XX      O,2
X X     O,
X  X    O,6
X   X   O,2 6
X    X  O,3 4 6
X     X O,
X      XO,1 2 4
X       O,2 6
X        ,4
OXXOXO OX,6
OXXOXO  X,6
OXXOXO   ,6 7
OXXOXX OO,6
OXXOXX O ,6
OXXOX  OX,6
OXXOX  O ,6
OXXOXX  O,6
OXXOX   O,6 7
OXXOX    ,6
OXXOOXXO ,8
OXXOOXX  ,8
OXXOOX X ,6 8
OXXOOX   ,8
OXXO XXOO,4
OXXO XXO ,
OXXO X O ,8
OXXO XX O,4
OXXO X XO,4 6
OXXO X  O,
OXXO X   ,6
OXXOO XX ,5 8
OXXOO XOX,5
OXXOO X X,5
OXXOO X  ,
OXXO OXXO,4
OXXO OXX ,4
OXXO OXOX,4
OXXO OX X,4
OXXO OX  ,4
OXXO  XOX,
OXXO  XO ,4
OXXO  XXO,4
OXXO  X O,4
OXXO  X  ,4
OXXOO  XX,5 6
OXXOO  X ,
OXXO O XX,4 6
OXXO O X ,4
OXXO   XO,4
OXXO   X ,6
OXXOO   X,5
OXXO O  X,
OXXO   OX,5
OXXO    X,6
OXXO     ,
OXXXOOXO ,8
OXXXOOX  ,8
OXXXOOOX ,8
OXXXOO X ,8
OXXXOOO X,7
OXXXOO OX,6
OXXXOO  X,6 7
OXXXOO   ,8
OXXXOXOO ,8
OXXXOXO  ,8
OXXXO OX ,8
OXXXO OOX,5
OXXXO O X,5
OXXXO O  ,8
OXXXOX O ,8
OXXXO XO ,8
OXXXO  OX,5
OXXXO  O ,8
OXXXO    ,8
OXX OXOX ,3 8
OXX OXO  ,8
OXX OXXO ,8
OXX OX O ,8
OXX OX   ,8
OXX OOXX ,3 8
OXX OOXOX,3
OXX OOX X,3
OXX OOX  ,
OXX O XOX,5
OXX O XO ,8
OXX O X  ,8
OXX OOOXX,3
OXX OO XX,3
OXX OO X ,
OXX O OXX,3
OXX O OX ,
OXX O  X ,8
OXX OO  X,3
OXX O O X,5
OXX O  OX,5
OXX O   X,5
OXX O    ,8
OXXXXOOO ,8
OXXXXOO O,7
OXXXXOO  ,7
OXXX OOXO,4
OXXX OOX ,4
OXXX OOOX,4
OXXX OO X,4 7
OXXX OO  ,4 7 8
OXXXXO OO,6
OXXXXO O ,6
OXXX OXOO,4
OXXX OXO ,4
OXXX O OX,4 6
OXXX O O ,4 6 8
OXXXXO  O,
OXXX OX O,4
OXXX O XO,4
OXXX O  O,4
OXXX O   ,4 6 7
OXX XOOOX,3
OXX XOO X,3
OXX XOO  ,7
OXX XO OX,6
OXX XO O ,6
OXX XO  O,6 7
OXX XO   ,
OXX  OXOX,4
OXX  OXO ,4
OXX  OXXO,4
OXX  OX O,4
OXX  OX  ,4
OXX  OOXX,3
OXX  OOX ,4
OXX  O XO,4
OXX  O X ,4
OXX  OO X,3
OXX  O OX,3 4 6
OXX  O  X,3
OXX  O   ,4
OXXXX OO ,8
OXXX XOO ,8
OXXX  OOX,5
OXXX  OO ,8
OXXXX O O,7
OXXX XO O,4 7
OXXX  OXO,4
OXXX  O O,
OXXX  O  ,8
OXX XXOO ,3 8
OXX X OOX,3
OXX X OO ,
OXX XXO O,3 7
OXX X O O,7
OXX X O  ,3
OXX  XOO ,8
OXX  XOXO,3 4
OXX  XO O,
OXX  XO  ,3
OXX   OXO,4
OXX   OX ,3
OXX   OOX,5
OXX   O X,3
OXX   O  ,
OXXXX  OO,6
OXXX X OO,4 6
OXXX  XOO,4
OXXX   OO,
OXXX   O ,8
OXX XX OO,6
OXX X  OO,6
OXX X  O ,6
OXX  XXOO,4
OXX  X OO,
OXX  X O ,8
OXX   XOO,4
OXX   XO ,4
OXX    OX,5
OXX    O ,6 8
OXXX    O,4
OXX X   O,
OXX  X  O,4
OXX   X O,4
OXX    XO,4
OXX     O,4
OXX      ,3 6
OXOXXOXO ,8
OXOXXOX  ,8
OXOXXOO X,7
OXOXXO OX,6
OXOXXO  X,7
OXOXXO   ,7
OXOXX OOX,5
OXOXX O X,
OXOXX O  ,5 7
OXOXX XOO,5
OXOXX XO ,5
OXOXX  OX,5
OXOXX  O ,5
OXOXX X O,5
OXOXX   O,5 7
OXOXX    ,
OXOXOXXO ,8
OXOXOXX  ,8
OXOXOX X ,6 8
OXOXOX OX,6
OXOXOX  X,6
OXOXOX   ,
OXOX XOXO,4
OXOX XOX ,4
OXOX XOOX,4
OXOX XO X,4
OXOX XO  ,4
OXOX XXOO,4
OXOX XXO ,4
OXOX X OX,4
OXOX X O ,4
OXOX XX O,4
OXOX X XO,4
OXOX X  O,4
OXOX X   ,4
OXOXOOXX ,8
OXOXO XX ,8
OXOXOOX X,7
OXOXO XOX,5
OXOXO X X,7
OXOXO X  ,8
OXOX OXX ,8
OXOX OXOX,4
OXOX OX X,7
OXOX OX  ,8
OXOX  XOX,4 5
OXOX  XO ,4 5 8
OXOX  XXO,4 5
OXOX  X O,
OXOX  X  ,8
OXOXOO XX,6
OXOXO  XX,6
OXOXO  X ,
OXOX OOXX,4
OXOX O XX,
OXOX O X ,4
OXOX  OXX,4
OXOX  OX ,4
OXOX   XO,4
OXOX   X ,4
OXOXO   X,6
OXOX O  X,7
OXOX  O X,4
OXOX   OX,4 5 6
OXOX    X,4 7
OXOX     ,4
OX XOXOX ,2 8
OX XOXOOX,2
OX XOXO X,2
OX XOXO  ,
OX XOXXO ,8
OX XOX OX,2
OX XOX O ,8
OX XOX   ,8
OX XOOXX ,8
OX XOOXOX,2
OX XOOX X,7
OX XOOX  ,8
OX XO XOX,2 5
OX XO XO ,8
OX XO X  ,8
OX XOOOXX,2
OX XOO XX,6
OX XOO X ,8
OX XO OXX,2
OX XO OX ,
OX XO  X ,8
OX XOO  X,2 6 7
OX XO O X,2
OX XO  OX,2 5 6
OX XO   X,2 5 6 7
OX XO    ,8
OX XXOOOX,2
OX XXOO X,7
OX XXOO  ,7
OX XXOXOO,2
OX XXOXO ,2
OX XXO OX,2 6
OX XXO O ,2 6 8
OX XXOX O,2
OX XXO  O,7
OX XXO   ,7
OX X OXOX,2 4
OX X OXO ,2 4 8
OX X OXXO,2 4
OX X OX O,
OX X OX  ,8
OX X OOXX,4
OX X OOX ,4
OX X O XO,4
OX X O X ,4
OX X OO X,2 4 7
OX X O OX,2 4 6
OX X O  X,4 6 7
OX X O   ,2 4 7 8
OX XX OOX,5
OX XX OO ,5
OX XX O O,5 7
OX XX O  ,
OX X XOOX,
OX X XOO ,4
OX X XOXO,4
OX X XO O,4
OX X XO  ,4
OX X  OXO,4
OX X  OX ,4
OX X  OOX,5
OX X  O X,4 5
OX X  O  ,4
OX XX XOO,
OX XX  OO,5
OX XX  O ,5
OX X XXOO,4
OX X X OO,4
OX X X O ,4
OX X  XOO,4
OX X  XO ,2 4 5
OX X   OX,2 4 5
OX X   O ,4 5 6 8
OX XX   O,
OX X X  O,4
OX X  X O,4
OX X   XO,4
OX X    O,4
OX X     ,4 5 7
OXOOXXXO ,8
OXOOXXX O,7
OXOOXXX  ,7
OXOOXX OX,6
OXOOXX  X,6
OXOOXX   ,7
OXO XXOOX,3
OXO XXO X,3
OXO XXO  ,3 7
OXO XXXOO,3
OXO XXXO ,3
OXO XX OX,3
OXO XX O ,3
OXO XXX O,
OXO XX  O,3 7
OXO XX   ,
OXOOXOX X,7
OXOOX XOX,5
OXOOX X X,7
OXOOX X  ,7
OXO XOXOX,3
OXO XOX X,7
OXO XOX  ,7
OXO X XOX,3 5
OXO X XO ,3 5 8
OXO X X O,7
OXO X X  ,7
OXOOX   X,7
OXO XO  X,7
OXO X O X,7
OXO X  OX,3 5 6
OXO X   X,7
OXO X    ,7
OX OXXXOO,2
OX OXXXO ,2
OX OXX OX,6
OX OXX O ,6
OX OXXX O,
OX OXX  O,7
OX OXX   ,6
OX OXOXOX,2
OX OXOX X,
OX OXOX  ,2 7
OX OX XOX,2
OX OX XO ,2
OX OX X O,2 7
OX OX X  ,
OX OXO  X,7
OX OX  OX,6
OX OX   X,6
OX OX    ,7
OX  XOXOX,2
OX  XOXO ,2
OX  XOX O,2 7
OX  XOX  ,
OX  XOO X,7
OX  XO OX,2 3 6
OX  XO  X,7
OX  XO   ,7
OX  XXOOX,3
OX  XXOO ,3
OX  XXO O,3 7
OX  XXO  ,3
OX  X OOX,3
OX  X O X,3
OX  X O  ,7
OX  XXXOO,
OX  XX OO,3
OX  XX O ,3
OX  X XOO,2
OX  X XO ,2
OX  X  OX,2 3 5 6
OX  X  O ,3 5 6 8
OX  XX  O,
OX  X X O,
OX  X   O,7
OX  X    ,7
OXOOOXXX ,8
OXOO XXXO,4
OXOO XXX ,
OXOOOXX X,7
OXOO XXOX,4
OXOO XX X,7
OXOO XX  ,7
OXO OXXX ,8
OXO OXXOX,3
OXO OXX X,7
OXO OXX  ,8
OXO  XXOX,3 4
OXO  XXO ,3 4 8
OXO  XXXO,4
OXO  XX O,4
OXO  XX  ,4 7
OXOOOX XX,6
OXOO X XX,6
OXOO X X ,4
OXO OX XX,6
OXO OX X ,
OXO  XOXX,3 4
OXO  XOX ,4
OXO  X XO,4
OXO  X X ,4
OXOO X  X,6
OXO OX  X,6
OXO  XO X,
OXO  X OX,3 4 6
OXO  X  X,6
OXO  X   ,4
OX OOXXX ,8
OX OOXXOX,2
OX OOXX X,
OX OOXX  ,8
OX O XXOX,2
OX O XXO ,2
OX O XXXO,4
OX O XX O,4
OX O XX  ,
OX OOX XX,6
OX OOX X ,
OX O X XO,4
OX O X X ,6
OX OOX  X,2
OX O X OX,2
OX O X  X,6
OX O X   ,6
OX  OXXOX,2
OX  OXXO ,8
OX  OXX  ,8
OX  OXOXX,2 3
OX  OXOX ,
OX  OX X ,8
OX  OXO X,2
OX  OX OX,2
OX  OX  X,2
OX  OX   ,8
OX   XOXO,4
OX   XOX ,3
OX   XOOX,2
OX   XO X,3
OX   XO  ,
OX   XXOO,4
OX   XXO ,2 4
OX   X OX,2
OX   X O ,3 4 6 8
OX   XX O,4
OX   X XO,4
OX   X  O,4
OX   X   ,6
OXOO  XX ,4 8
OXO O XX ,8
OXO  OXX ,4 8
OXO   XXO,4
OXO   XX ,
OXOO  X X,7
OXO O X X,7
OXO  OX X,7
OXO   XOX,3 4 5
OXO   X X,7
OXO   X  ,7
OX OO XX ,8
OX O OXX ,4 8
OX O  XXO,4
OX O  XX ,
OX OO X X,7
OX O OX X,7
OX O  XOX,2
OX O  X X,
OX O  X  ,4 7
OX  OOXX ,8
OX  O XX ,8
OX  OOX X,7
OX  O XOX,2 3 5
OX  O X X,7
OX  O X  ,8
OX   OXXO,4
OX   OXX ,
OX   OXOX,2 3 4
OX   OX X,7
OX   OX  ,4 7
OX    XOX,2 4 5
OX    XO ,2 3 4 5 8
OX    XXO,4
OX    X O,4
OX    X  ,4 7
OXOO   XX,4 6
OXO O  XX,6
OXO  O XX,4 6
OXO   OXX,4
OXO    XX,
OXO    X ,4
OX OO  XX,6
OX O O XX,4 6
OX O   XX,6
OX O   X ,4
OX  OO XX,6
OX  O OXX,
OX  O  XX,6
OX  O  X ,
OX   OOXX,4
OX   O XX,
OX   O X ,4
OX    OXX,3
OX    OX ,4
OX     XO,4
OX     X ,4
OXO     X,7
OX O    X,6
OX  O   X,2 3 5 6
OX   O  X,7
OX    O X,3
OX     OX,2 3 4 5 6
OX      X,4 6 7
OX       ,3 4 6 8
 XOXOXXOO,0
 XOXOXXO ,0
 XOXOX OX,6
 XOXOX O ,6
 XOXOXX O,0
 XOXOX XO,0 6
 XOXOX  O,
 XOXOX   ,6
 XOXOOXX ,8
 XOXOOXOX,0
 XOXOOX X,
 XOXOOX  ,0
 XOXO XOX,0
 XOXO XO ,0
 XOXO XXO,0 5
 XOXO X O,0
 XOXO X  ,0
 XOXOO XX,6
 XOXOO X ,
 XOXO  XO,
 XOXO  X ,6
 XOXOO  X,6
 XOXO  OX,6
 XOXO   X,6
 XOXO    ,6
 XOXXOOOX,0
 XOXXOO X,
 XOXXOO  ,7
 XOXXOXO ,8
 XOXXO OX,0
 XOXXO O ,8
 XOXXO   ,8
 XOX OXOX,0
 XOX OXO ,0
 XOX OX  ,8
 XOX OOXX,4
 XOX OOX ,4
 XOX O X ,8
 XOX OO X,4
 XOX O OX,0
 XOX O  X,
 XOX O   ,8
 XOXX OOX,
 XOXX OO ,5
 XOXX O O,5 7
 XOXX O  ,
 XOX XOOX,4
 XOX XOO ,4
 XOX XOXO,4
 XOX XO O,4
 XOX XO  ,4
 XOX  OXO,4
 XOX  OX ,4
 XOX  OOX,4
 XOX  O X,4
 XOX  O  ,4
 XOXX XOO,5
 XOXX  OO,5
 XOXX  O ,5
 XOX XXOO,
 XOX X OO,4
 XOX X O ,4
 XOX  XOO,0
 XOX  XO ,0
 XOX   OX,0 4
 XOX   O ,4 5 6 8
 XOXX   O,5
 XOX X  O,4
 XOX  X O,5
 XOX   XO,5
 XOX    O,
 XOX     ,8
 XOOXXOOX,0
 XOOXXO X,0
 XOOXXO  ,7
 XOOXXXOO,0
 XOOXXXO ,0 8
 XOOXX OX,0
 XOOXX O ,0 6 8
 XOOXXX O,7
 XOOXX  O,7
 XOOXX   ,7
 XOOXOXOX,0
 XOOXOX X,
 XOOXOX  ,7
 XOOX XOX,0
 XOOX XO ,0 5 8
 XOOX X O,7
 XOOX X  ,7
 XOOXO  X,0 7
 XOOX O X,0 7
 XOOX  OX,0
 XOOX   X,
 XOOX    ,7
 XO XOXOX,0
 XO XOXO ,8
 XO XOX  ,8
 XO XOO X,0 7
 XO XO OX,0
 XO XO  X,
 XO XO   ,7
 XO XXOOX,
 XO XXOO ,3
 XO XXO O,3 7
 XO XXO  ,
 XO X OOX,0
 XO X O X,
 XO X O  ,7
 XO XXXOO,3
 XO XX OO,3
 XO XX O ,3
 XO X XOO,5
 XO X XO ,0 3 5 8
 XO X  OX,0
 XO X  O ,3 5 6 8
 XO XX  O,
 XO X X O,5
 XO X   O,7
 XO X    ,7
 XOOOXXXO,0
 XOOOXXX ,8
 XOOOXXOX,0
 XOOOXX X,7
 XOOOXX  ,0 7 8
 XOO XXOX,0 4
 XOO XXO ,0 4 8
 XOO XXXO,4
 XOO XX O,0 4 7
 XOO XX  ,4 7 8
 XOOOX XX,6
 XOOOX X ,6
 XOO XOXX,0 4
 XOO XOX ,4
 XOO X XO,4
 XOO X X ,4
 XOOOX  X,6
 XOO XO X,
 XOO X OX,0 4 6
 XOO X  X,6
 XOO X   ,0 4 6 7
 XO OXXOX,0 3
 XO OXXO ,0 3 8
 XO OXXXO,0
 XO OXX O,0
 XO OXX  ,0 3 7 8
 XO OX XO,
 XO OX X ,6
 XO OX OX,6
 XO OX  X,6
 XO OX   ,6
 XO  XOXO,4
 XO  XOX ,4
 XO  XOOX,4
 XO  XO X,4
 XO  XO  ,4
 XO  XXOO,3
 XO  XXO ,0 3 4
 XO  X OX,0 3 4
 XO  X O ,3 4 6 8
 XO  XX O,3 4
 XO  X XO,4
 XO  X  O,4
 XO  X   ,3 4 7
 XOOO XX ,8
 XOO OXX ,4 8
 XOO  XXO,4
 XOO  XX ,
 XOOO X X,7
 XOO OX X,7
 XOO  XOX,0 4 5
 XOO  X X,7
 XOO  X  ,7
 XO OOXX ,8
 XO O XXO,
 XO O XX ,8
 XO OOX X,7
 XO O XOX,0 3 5
 XO O X X,7
 XO O X  ,0 3 5 8
 XO  OXX ,8
 XO  OXOX,0
 XO  OX X,
 XO  OX  ,8
 XO   XOX,0 3 4
 XO   XO ,0 3 4 5 8
 XO   XXO,5
 XO   X O,5
 XO   X  ,4 7 8
 XOOO  XX,6
 XOO O XX,4 6
 XOO  OXX,4
 XOO   XX,
 XOO   X ,4
 XO OO XX,6
 XO O  XX,6
 XO O  X ,
 XO  OOXX,4
 XO  O XX,
 XO  O X ,4
 XO   OXX,4
 XO   OX ,4
 XO    XO,4
 XO    X ,4
 XOO    X,4 7
 XO O   X,6
 XO  O  X,4 7
 XO   O X,4
 XO    OX,0 3 4 5 6
 XO     X,4 7
 XO      ,4 5 6 8
 XXOOXOXO,0
 XXOOXOX ,0
 XXOOXO  ,0 8
 XXOOXXOO,0
 XXOOXXO ,
 XXOOX O ,0 8
 XXOOXX O,0
 XXOOX XO,0
 XXOOX  O,0
 XXOOX   ,
 XXOO XOX,5
 XXOO XO ,0
 XXOO XXO,0 5
 XXOO X O,0
 XXOO X  ,5
 XXOO OXX,0 5
 XXOO OX ,0
 XXOO  XO,0
 XXOO  X ,5
 XXOO O X,0 5
 XXOO  OX,0 5
 XXOO   X,5
 XXOO    ,0
 XXOXOOOX,0
 XXOXOO X,0
 XXOXOO  ,0 7
 XXOXO OX,
 XXOXO O ,0 6
 XXOXO  O,0 6 7
 XXOXO   ,
 XXO OXOX,4
 XXO OXO ,0 4
 XXO OXXO,4
 XXO OX O,0 4
 XXO OX  ,4
 XXO OOXX,0 4
 XXO OOX ,0 4
 XXO O XO,0 4
 XXO O X ,4
 XXO OO X,0
 XXO O OX,0
 XXO O  X,4
 XXO O   ,0
 XXOXXOO ,0 8
 XXOX OOX,0
 XXOX OO ,0
 XXOXXO O,0 7
 XXOX O O,0 7
 XXOX O  ,0
 XXO XOO ,0 8
 XXO XOXO,0
 XXO XO O,0
 XXO XO  ,0
 XXO  OXO,0 4
 XXO  OX ,0
 XXO  OOX,0 5
 XXO  O X,0
 XXO  O  ,0
 XXOXX OO,6
 XXOX  OO,0 6
 XXOX  O ,
 XXO XXOO,
 XXO X OO,0
 XXO X O ,
 XXO  XOO,0 4
 XXO  XO ,
 XXO   OX,
 XXO   O ,0
 XXOX   O,
 XXO X  O,0
 XXO  X O,
 XXO   XO,
 XXO    O,0
 XXO     ,0
 X OXOXOX,
 X OXOXO ,2
 X OXOX O,2 7
 X OXOX  ,
 X OXOO X,0 7
 X OXO OX,0
 X OXO  X,
 X OXO   ,7
 X OXXOOX,0
 X OXXOO ,
 X OXXO O,7
 X OXXO  ,0
 X OX OOX,0
 X OX O X,0
 X OX O  ,7
 X OXXXOO,2
 X OXX OO,6
 X OXX O ,6
 X OX XOO,2
 X OX XO ,2
 X OX  OX,0
 X OX  O ,0 2
 X OXX  O,7
 X OX X O,
 X OX   O,7
 X OX    ,
 X OOXXOX,2
 X OOXXO ,2
 X OOXXXO,0
 X OOXX O,0
 X OOXX  ,2 8
 X OOXOXX,0 2
 X OOXOX ,
 X OOX XO,0
 X OOX X ,0 6
 X OOXO X,2
 X OOX OX,2
 X OOX  X,2
 X OOX   ,2
 X O XOXO,4
 X O XOX ,0
 X O XOOX,2
 X O XO X,0
 X O XO  ,0
 X O XXOO,2
 X O XXO ,2
 X O X OX,2
 X O X O ,2
 X O XX O,2 4
 X O X XO,4
 X O X  O,0 4 6 7
 X O X   ,2 8
 X OO XXO,
 X OO XX ,5
 X OO XOX,5
 X OO X X,5
 X OO X  ,5
 X O OXXO,4
 X O OXX ,4
 X O OXOX,4
 X O OX X,4
 X O OX  ,4
 X O  XOX,2 4
 X O  XO ,2
 X O  XXO,4
 X O  X O,2 4
 X O  X  ,4
 X OO OXX,
 X OO  XX,5
 X OO  X ,
 X O OOXX,4
 X O O XX,4
 X O O X ,4
 X O  OXX,0
 X O  OX ,4
 X O   XO,4
 X O   X ,4
 X OO   X,5
 X O O  X,4
 X O  O X,0
 X O   OX,0 2
 X O    X,4
 X O     ,0 4
 XXXOOOXO,0
 XXXOOOX ,0
 XXXOOOOX,0
 XXXOOO X,0
 XXXOOO  ,0
 XXXOOXOO,0
 XXXOOXO ,0
 XXXOO OX,0
 XXXOO O ,0
 XXXOOX O,0
 XXXOO XO,0
 XXXOO  O,0
 XXXOO   ,0
 XX OOXOX,3
 XX OOXO ,0
 XX OOXXO,0 3
 XX OOX O,0
 XX OOX  ,3
 XX OOOXX,3
 XX OOOX ,0
 XX OO XO,0
 XX OO X ,3
 XX OOO X,0
 XX OO OX,0
 XX OO  X,3
 XX OO   ,0
 XXXOXOO ,8
 XXXO OOX,
 XXXO OO ,0
 XXXOXO O,0 7
 XXXO OXO,0
 XXXO O O,0
 XXXO O  ,0
 XX OXOO ,0 8
 XX OXOXO,0
 XX OXO O,0
 XX OXO  ,
 XX O OXO,0
 XX O OX ,0
 XX O OOX,0 5
 XX O O X,
 XX O O  ,0
 XXXOX OO,0 6
 XXXO XOO,0
 XXXO  OO,0
 XXXO  O ,0
 XX OXXOO,0
 XX OX OO,0
 XX OX O ,
 XX O XOO,0
 XX O XO ,0
 XX O  OX,
 XX O  O ,0
 XXXO   O,0
 XX OX  O,0
 XX O X O,0
 XX O  XO,0
 XX O   O,0
 XX O    ,0
 X XOOXOX,0
 X XOOXO ,0
 X XOOXXO,0 2
 X XOOX O,0
 X XOOX  ,0
 X XOOOXX,2
 X XOOOX ,2
 X XOO XO,
 X XOO X ,2 8
 X XOOO X,2
 X XOO OX,0
 X XOO  X,0 6
 X XOO   ,0
 X XOXOOX,2
 X XOXOO ,
 X XOXOXO,0 2
 X XOXO O,
 X XOXO  ,2
 X XO OXO,
 X XO OX ,2
 X XO OOX,2
 X XO O X,2
 X XO O  ,2
 X XOXXOO,0
 X XOX OO,
 X XOX O ,6 8
 X XO XOO,0
 X XO XO ,0
 X XO  OX,0 2
 X XO  O ,0
 X XOX  O,0
 X XO X O,0
 X XO  XO,0
 X XO   O,0
 X XO    ,0 2 6
 X  OXOXO,
 X  OXOX ,2
 X  OXOOX,2
 X  OXO X,2
 X  OXO  ,2
 X  OXXOO,0
 X  OXXO ,0 2
 X  OX OX,2
 X  OX O ,2
 X  OXX O,0
 X  OX XO,0
 X  OX  O,0
 X  OX   ,0 2 8
 X  OOXXO,
 X  OOXX ,3
 X  OOXOX,3
 X  OOX X,3
 X  OOX  ,3
 X  O XOX,0 2 3 5
 X  O XO ,0
 X  O XXO,0
 X  O X O,0
 X  O X  ,0 2 3 5
 X  OOOXX,
 X  OO XX,3
 X  OO X ,
 X  O OXX,2
 X  O OX ,
 X  O  XO,
 X  O  X ,0 2 3 5 6 8
 X  OO  X,3
 X  O O X,2
 X  O  OX,2
 X  O   X,0 2 3 5
 X  O    ,0 2 3 5 6 8
 XXXXOOO ,8
 XXX OOOX,0
 XXX OOO ,0
 XXXXOO O,7
 XXX OOXO,
 XXX OO O,0
 XXX OO  ,0
 XX XOOOX,0
 XX XOOO ,0
 XX XOO O,0 7
 XX XOO  ,
 XX  OOXO,0 4
 XX  OOX ,
 XX  OOOX,0
 XX  OO X,0
 XX  OO  ,0
 XXXXO OO,6
 XXX OXOO,
 XXX O OO,0
 XXX O O ,0
 XX XO OO,0 6
 XX XO O ,
 XX  OXOO,0 4
 XX  OXO ,
 XX  O OX,0
 XX  O O ,0
 XXX O  O,
 XX XO  O,
 XX  OX O,
 XX  O XO,
 XX  O  O,0
 XX  O   ,
 X XXOOOX,0
 X XXOOO ,8
 X XXOO O,7
 X XXOO  ,7
 X X OOXO,4
 X X OOX ,4
 X X OOOX,0
 X X OO X,0 4
 X X OO  ,2 4 7 8
 X XXOXOO,2
 X XXO OO,
 X XXO O ,8
 X X OXOO,0
 X X OXO ,0
 X X O OX,0
 X X O O ,0
 X XXO  O,2
 X X OX O,2
 X X O XO,2
 X X O  O,2
 X X O   ,0 6
 X  XOOOX,0
 X  XOO X,
 X  XOO  ,7
 X  XOXOO,2
 X  XOXO ,2
 X  XO OX,0
 X  XO O ,0 2
 X  XOX O,2
 X  XO  O,7
 X  XO   ,
 X   OXOX,0 4
 X   OXO ,0 2
 X   OXXO,2
 X   OX O,2
 X   OX  ,4
 X   OOXX,4
 X   OOX ,4
 X   O XO,4
 X   O X ,4
 X   OO X,0 4
 X   O OX,0
 X   O  X,4
 X   O   ,2 4
 XXX  OO ,8
 XX X OO ,8
 XX  XOO ,8
 XX   OOX,
 XX   OO ,0
 XXX  O O,7
 XX X O O,7
 XX  XO O,7
 XX   OXO,
 XX   O O,0
 XX   O  ,0
 X XX OO ,8
 X X XOO ,8
 X X  OOX,
 X X  OO ,8
 X XX O O,7
 X X XO O,7
 X X  OXO,4
 X X  O O,
 X X  O  ,8
 X  XXOO ,8
 X  X OOX,0
 X  X OO ,8
 X  XXO O,7
 X  X O O,7
 X  X O  ,7
 X   XOOX,
 X   XOO ,8
 X   XOXO,4
 X   XO O,
 X   XO  ,0 8
 X    OXO,4
 X    OX ,4
 X    OOX,0 2
 X    O X,0
 X    O  ,0
 XXX   OO,6
 XX X  OO,6
 XX  X OO,6
 XX   XOO,
 XX    OO,0
 XX    O ,0
 X XX  OO,6
 X X X OO,6
 X X  XOO,
 X X   OO,6
 X X   O ,0 2
 X  XX OO,6
 X  X XOO,2
 X  X  OO,6
 X  X  O ,0 2 6 8
 X   XXOO,
 X   X OO,6
 X   X O ,0 2
 X    XOO,0 2
 X    XO ,0 2
 X     OX,0 2
 X     O ,0 2 3 4 5 6 8
 XX     O,
 X X    O,2 6
 X  X   O,7
 X   X  O,6
 X    X O,2
 X     XO,4
 X      O,2
 X       ,0 2 4 7
OOXXXOOX ,8
OOXXXO XO,6
OOXXXO X ,6
OOXXXOO X,7
OOXXXO OX,6
OOXXXO  X,6
OOXXXO   ,6
OOXXX OXO,5
OOXXX OX ,5
OOXXX OOX,5
OOXXX O X,5
OOXXX O  ,5
OOXXX  OX,
OOXXX  O ,5 6
OOXXX  XO,
OOXXX   O,5 6
OOXXX    ,
OOXXOXX  ,7 8
OOXXOXOX ,8
OOXXOX X ,8
OOXXOX   ,8
OOXX XOXO,4
OOXX XOX ,
OOXX XO  ,4 8
OOXX XXOO,4
OOXX XXO ,4
OOXX X O ,4 8
OOXX XX O,4
OOXX X XO,4
OOXX X  O,4
OOXX X   ,
OOXXOOXX ,8
OOXXO XX ,8
OOXXOOX X,7
OOXXO X X,7
OOXXO X  ,
OOXX OXXO,4
OOXX OXX ,
OOXX OXOX,4
OOXX OX X,
OOXX OX  ,4
OOXX  XOX,4
OOXX  XO ,4
OOXX  XXO,4
OOXX  X O,4
OOXX  X  ,4
OOXXOO XX,6
OOXXO OXX,5
OOXXO  XX,
OOXXO  X ,8
OOXX OOXX,4
OOXX O XX,6
OOXX O X ,6
OOXX  OXX,5
OOXX  OX ,5
OOXX   XO,4
OOXX   X ,
OOXXO   X,5
OOXX O  X,6
OOXX  O X,5
OOXX   OX,5
OOXX    X,
OOXX     ,4 5
O XXOXOX ,8
O XXOXO  ,8
O XXOXXO ,1 8
O XXOX O ,8
O XXOX   ,8
O XXOOXX ,8
O XXOOXOX,1
O XXOOX X,7
O XXOOX  ,8
O XXO XOX,1
O XXO XO ,
O XXO X  ,8
O XXOOOXX,1
O XXOO XX,6
O XXOO X ,8
O XXO OXX,5
O XXO OX ,8
O XXO  X ,8
O XXOO  X,1 6 7
O XXO O X,5
O XXO  OX,5
O XXO   X,5
O XXO    ,8
O XXXOOXO,1
O XXXOOX ,1
O XXXOOOX,1
O XXXOO X,1 7
O XXXOO  ,1 7 8
O XXXO OX,6
O XXXO O ,6
O XXXO XO,
O XXXO  O,6
O XXXO   ,6
O XX OXOX,4
O XX OXO ,4
O XX OXXO,4
O XX OX O,4
O XX OX  ,4
O XX OOXX,1 4
O XX OOX ,1 4 8
O XX O XO,4
O XX O X ,4 6
O XX OO X,1 4 7
O XX O OX,1 4 6
O XX O  X,4 6 7
O XX O   ,1 4 6 7 8
O XXX OOX,5
O XXX OO ,5
O XXX OXO,
O XXX O O,5
O XXX O  ,5
O XX XOO ,4 8
O XX XOXO,4
O XX XO O,4
O XX XO  ,
O XX  OXO,4
O XX  OX ,4 5
O XX  OOX,5
O XX  O X,5
O XX  O  ,5
O XXX  OO,5 6
O XXX  O ,
O XX XXOO,4
O XX X OO,4
O XX X O ,
O XX  XOO,4
O XX  XO ,4
O XX   OX,5
O XX   O ,4 5
O XXX   O,
O XX X  O,4
O XX  X O,4
O XX   XO,4
O XX    O,4
O XX     ,4 5
OOXOXX XO,6
OOXOXX X ,6
OOXOXX   ,6 8
OOX XXOXO,3
OOX XXOX ,3
OOX XXO  ,3 8
OOX XX O ,3 6 8
OOX XX XO,
OOX XX  O,3 6
OOX XX   ,
OOXOXO XX,6
OOXOX  XX,6
OOXOX  X ,6
OOX XOOXX,3
OOX XO XX,6
OOX XO X ,6
OOX X OXX,3
OOX X OX ,3
OOX X  XO,6
OOX X  X ,6
OOXOX   X,5 6
OOX XO  X,6
OOX X O X,5
OOX X  OX,5 6
OOX X   X,
OOX X    ,6
O XOXX O ,6 8
O XOXX XO,6
O XOXX  O,6
O XOXX   ,6
O XOXO XX,6
O XOXO X ,1 6
O XOX  XO,1 6
O XOX  X ,6
O XOXO  X,6
O XOX  OX,5 6
O XOX   X,6
O XOX    ,6
O X XOOXX,3
O X XOOX ,1
O X XO XO,1 6
O X XO X ,
O X XOO X,3
O X XO OX,6
O X XO  X,6
O X XO   ,6
O X XXOO ,3 8
O X XXOXO,3
O X XXO O,3
O X XXO  ,3
O X X OXO,1
O X X OX ,3
O X X OOX,5
O X X O X,3
O X X O  ,3
O X XX OO,3 6
O X XX O ,
O X X  OX,
O X X  O ,6
O X XX  O,
O X X  XO,
O X X   O,6
O X X    ,6
OOXOOXXX ,8
OOXO XXXO,4
OOXO XXX ,
OOXO XX  ,4 8
OOX OXXX ,8
OOX OXX  ,8
OOX  XXO ,4 8
OOX  XXXO,4
OOX  XX O,4
OOX  XX  ,
OOXO X X ,8
OOX OX X ,8
OOX  XOX ,8
OOX  X XO,4
OOX  X X ,
OOX  X   ,8
O XOOXXX ,8
O XOOXX  ,8
O XO XXO ,4 8
O XO XXXO,4
O XO XX O,4
O XO XX  ,
O XOOX X ,8
O XO X XO,
O XO X X ,6
O XO X   ,8
O X OXXO ,8
O X OXX  ,8
O X OXOX ,8
O X OX X ,8
O X OX   ,8
O X  XOXO,
O X  XOX ,3
O X  XO  ,8
O X  XXOO,4
O X  XXO ,
O X  X O ,8
O X  XX O,4
O X  X XO,4
O X  X  O,4
O X  X   ,
OOXO  XX ,4 8
OOX O XX ,8
OOX  OXX ,4 8
OOX   XXO,4
OOX   XX ,
OOXO  X X,4 5 7
OOX O X X,5 7
OOX  OX X,4 7
OOX   XOX,4 5
OOX   X X,
OOX   X  ,4
O XOO XX ,8
O XO OXX ,4 8
O XO  XXO,4
O XO  XX ,
O XOO X X,5 7
O XO OX X,4 7
O XO  XOX,4 5
O XO  X X,
O XO  X  ,4
O X OOXX ,8
O X O XX ,8
O X OOX X,7
O X O XOX,5
O X O X X,
O X O X  ,8
O X  OXXO,4
O X  OXX ,
O X  OXOX,4
O X  OX X,
O X  OX  ,4
O X   XOX,
O X   XO ,4
O X   XXO,4
O X   X O,4
O X   X  ,
OOXO   XX,5 6
OOX O  XX,5 6
OOX  O XX,6
OOX   OXX,5
OOX    XX,
OOX    X ,6 8
O XOO  XX,5 6
O XO O XX,6
O XO   XX,6
O XO   X ,6
O X OO XX,6
O X O OXX,5
O X O  XX,
O X O  X ,8
O X  OOXX,3
O X  O XX,6
O X  O X ,4 6
O X   OXX,3
O X   OX ,3
O X    XO,4
O X    X ,6
OOX     X,5
O XO    X,5
O X O   X,5
O X  O  X,6
O X   O X,5
O X    OX,5
O X     X,
O X      ,5 6 8
 OXXOXOXO,0
 OXXOXOX ,8
 OXXOXO  ,8
 OXXOXX O,0 7
 OXXOX XO,0
 OXXOX  O,
 OXXOX   ,7
 OXXOOXXO,0
 OXXOOXX ,
 OXXOOX X,7
 OXXOOX  ,0
 OXXO XXO,0
 OXXO X O,0
 OXXO X  ,7
 OXXOOOXX,0
 OXXOO XX,6
 OXXOO X ,6
 OXXO OXX,5
 OXXO OX ,0 5 8
 OXXO  XO,0
 OXXO  X ,6 8
 OXXOO  X,7
 OXXO O X,5
 OXXO   X,7
 OXXO    ,7
 OXXXOOXO,0
 OXXXOOX ,0 8
 OXXXOOOX,0
 OXXXOO X,0
 OXXXOO  ,0 7 8
 OXXXO OX,
 OXXXO O ,6
 OXXXO XO,6
 OXXXO  O,6
 OXXXO   ,6
 OXX OXOX,4
 OXX OXO ,0 4
 OXX OXXO,
 OXX OX O,0 4
 OXX OX  ,
 OXX OOXX,0 4
 OXX OOX ,0 4 8
 OXX O XO,6
 OXX O X ,6
 OXX OO X,0 4 7
 OXX O OX,4
 OXX O  X,4 6
 OXX O   ,6
 OXXX OOX,
 OXXX OO ,5
 OXXX OXO,5
 OXXX O O,5
 OXXX O  ,5
 OXX XOO ,4 8
 OXX XOXO,4
 OXX XO O,4
 OXX XO  ,
 OXX  OXO,0 4 5
 OXX  OX ,4 5 8
 OXX  OOX,5
 OXX  O X,5
 OXX  O  ,5
 OXXX  OO,5 6
 OXXX  O ,
 OXX XXOO,4
 OXX X OO,4
 OXX X O ,4
 OXX  XOO,0 4
 OXX  XO ,4
 OXX   OX,4
 OXX   O ,4
 OXXX   O,
 OXX X  O,4
 OXX  X O,
 OXX   XO,4 6
 OXX    O,4 6
 OXX     ,4
 OXOXXOXO,0
 OXOXXOX ,0
 OXOXXO  ,8
 OXOXX O ,6 8
 OXOXX XO,6
 OXOXX  O,6
 OXOXX   ,
 OXOXOOXX,0
 OXOXO XX,
 OXOXO X ,6
 OXOX OXX,0
 OXOX OX ,0
 OXOX  XO,6
 OXOX  X ,6
 OXOXO  X,0 6
 OXOX O X,0 5
 OXOX  OX,0 5 6
 OXOX   X,
 OXOX    ,6
 OX XOOXX,0
 OX XOOX ,0 3 8
 OX XO XO,6
 OX XO X ,6
 OX XOO X,0
 OX XO OX,0 6
 OX XO  X,
 OX XO   ,6
 OX XXOO ,3 8
 OX XXOXO,3
 OX XXO O,3
 OX XXO  ,
 OX X OXO,0 3 5
 OX X OX ,0 3 5 8
 OX X OOX,0 5
 OX X O X,
 OX X O  ,5 8
 OX XX OO,3 6
 OX XX O ,
 OX X  OX,
 OX X  O ,6
 OX XX  O,
 OX X  XO,6
 OX X   O,6
 OX X    ,
 OXOOXXXO,0
 OXOOXXX ,8
 OXOOXX  ,8
 OXO XXO ,4 8
 OXO XXXO,4
 OXO XX O,4
 OXO XX  ,
 OXOOX X ,8
 OXO XOX ,8
 OXO X XO,0 4 6
 OXO X X ,8
 OXO X   ,8
 OX OXXXO,0
 OX OXX O,
 OX OXX  ,7
 OX OXOX ,8
 OX OX XO,0
 OX OX X ,8
 OX OX   ,8
 OX  XOXO,0 3 4
 OX  XOX ,8
 OX  XO  ,8
 OX  XXOO,4
 OX  XXO ,4
 OX  X O ,8
 OX  XX O,4
 OX  X XO,3 4 6
 OX  X  O,4
 OX  X   ,
 OXOO XX ,8
 OXO OXX ,4 8
 OXO  XXO,4
 OXO  XX ,
 OXOO X X,5 7
 OXO OX X,4 7
 OXO  XOX,4 5
 OXO  X X,
 OXO  X  ,4
 OX OOXX ,8
 OX O XXO,0
 OX O XX ,8
 OX OOX X,7
 OX O X X,7
 OX O X  ,7
 OX  OXXO,4
 OX  OXX ,
 OX  OXOX,4
 OX  OX X,
 OX  OX  ,4
 OX   XOX,4
 OX   XO ,4
 OX   XXO,4
 OX   X O,4
 OX   X  ,4
 OXOO  XX,5 6
 OXO O XX,6
 OXO  OXX,5
 OXO   XX,
 OXO   X ,6 8
 OX OO XX,6
 OX O OXX,5
 OX O  XX,
 OX O  X ,8
 OX  OOXX,0 3 4
 OX  O XX,6
 OX  O X ,6
 OX   OXX,5
 OX   OX ,0 3 4 5 8
 OX    XO,0 3 4 5 6
 OX    X ,6 8
 OXO    X,5
 OX O   X,5
 OX  O  X,4 6
 OX   O X,5
 OX    OX,5
 OX     X,
 OX      ,4 5 8
  XOXOOXX,0
  XOXOOX ,1
  XOXO XO,1 6
  XOXO X ,
  XOXOO X,0
  XOXO OX,0 6
  XOXO  X,
  XOXO   ,6
  XOXXOO ,8
  XOXXOXO,0
  XOXXO O,
  XOXXO  ,0
  XOX OXO,1
  XOX OX ,0
  XOX OOX,0 5
  XOX O X,0
  XOX O  ,0
  XOXX OO,6
  XOXX O ,
  XOX  OX,
  XOX  O ,6
  XOXX  O,6
  XOX  XO,
  XOX   O,6
  XOX    ,
  XOOXXO ,8
  XOOXXXO,0
  XOOXX O,0
  XOOXX  ,8
  XOOXOX ,8
  XOOX XO,0
  XOOX X ,8
  XOOX   ,8
  XO XOXO,0
  XO XOX ,0
  XO XO  ,8
  XO XXOO,4
  XO XXO ,
  XO X O ,8
  XO XX O,4
  XO X XO,0
  XO X  O,0 6
  XO X   ,8
  XOO XXO,
  XOO XX ,5
  XOO XOX,5
  XOO X X,5
  XOO X  ,5
  XO OXXO,4
  XO OXX ,4
  XO OXOX,4
  XO OX X,4
  XO OX  ,4
  XO  XOX,
  XO  XO ,4
  XO  XXO,4
  XO  X O,4
  XO  X  ,4
  XOO OXX,5
  XOO  XX,5
  XOO  X ,5
  XO OOXX,
  XO O XX,4
  XO O X ,4
  XO  OXX,0
  XO  OX ,0
  XO   XO,1 4
  XO   X ,4
  XOO   X,5
  XO O  X,4
  XO  O X,5
  XO   OX,5
  XO    X,
  XO     ,0 4 8
  XXOOXOX,1
  XXOOXO ,0
  XXOOXXO,0
  XXOOX O,0
  XXOOX  ,0
  XXOOOXX,0 1
  XXOOOX ,0 1 8
  XXOO XO,0
  XXOO X ,0 6
  XXOOO X,0 1 7
  XXOO OX,1
  XXOO  X,0 1 6 7
  XXOO   ,0
  XXOXOO ,8
  XXOXOXO,0
  XXOXO O,
  XXOXO  ,8
  XXO OXO,0
  XXO OX ,0 1 5 8
  XXO OOX,5
  XXO O X,5
  XXO O  ,0 1 7 8
  XXOXXOO,0 1
  XXOX OO,
  XXOX O ,1
  XXO XOO,0
  XXO XO ,1
  XXO  OX,1
  XXO  O ,1
  XXOX  O,0
  XXO X O,0
  XXO  XO,0
  XXO   O,0
  XXO    ,0 1 6 7
  X OXOXO,0
  X OXOX ,8
  X OXO  ,8
  X OXXOO,
  X OXXO ,1
  X OX O ,8
  X OXX O,0
  X OX XO,0
  X OX  O,0
  X OX   ,8
  X OOXXO,
  X OOXX ,3
  X OOXOX,
  X OOX X,3
  X OOX  ,3
  X O XOX,1
  X O XO ,1
  X O XXO,0
  X O X O,0
  X O X  ,1 3 5 7
  X OOOXX,3
  X OO XX,3
  X OO X ,3
  X O OXX,5
  X O OX ,0 3 5 8
  X O  XO,0
  X O  X ,3 5 6 8
  X OO  X,3
  X O O X,5
  X O  OX,5
  X O   X,5
  X O    ,0 1 3 5 6 7 8
  XXXOOOX,0
  XXXOOO ,8
  XXXOOXO,1
  XXXOO O,7
  XXXOO  ,0 1 7 8
  XX OOXO,1
  XX OOX ,0 1 4
  XX OOOX,0
  XX OO X,0 1 4
  XX OO  ,0 1 4 7 8
  XXXO OO,6
  XXXO O ,6
  XX OXOO,0 4
  XX OXO ,
  XX O OX,0 4
  XX O O ,0 6
  XXXO  O,6
  XX OX O,
  XX O XO,
  XX O  O,0 6
  XX O   ,0 6
  X XOOXO,1
  X XOOX ,1
  X XOOOX,0
  X XOO X,0
  X XOO  ,0 1
  X XO OX,
  X XO O ,6
  X XO XO,
  X XO  O,6
  X XO   ,
  X  OXOX,4
  X  OXO ,4
  X  OXXO,4
  X  OX O,4
  X  OX  ,4
  X  OOXX,3
  X  OOX ,1
  X  O XO,1 4
  X  O X ,4
  X  OO X,0
  X  O OX,0 4
  X  O  X,4
  X  O   ,0 1 4
  XXX OO ,8
  XX XOO ,8
  XX  OOX,
  XX  OO ,8
  XXX O O,7
  XX XO O,7
  XX  OXO,1 4
  XX  O O,7
  XX  O  ,4 5 8
  X XXOO ,8
  X X OOX,
  X X OO ,8
  X XXO O,7
  X X OXO,1
  X X O O,7
  X X O  ,0 8
  X  XOO ,8
  X  XOXO,0
  X  XO O,
  X  XO  ,8
  X   OXO,1
  X   OX ,0 1 4
  X   OOX,5
  X   O X,
  X   O  ,0 8
  XXX  OO,6
  XX X OO,6
  XX  XOO,
  XX   OO,6
  XX   O ,4
  X XX OO,6
  X X  OO,6
  X X  O ,
  X  XXOO,4
  X  X OO,
  X  X O ,8
  X   XOO,4
  X   XO ,4
  X    OX,
  X    O ,0 4 8
  XX    O,6
  X X   O,6
  X  X  O,6 7
  X   X O,
  X    XO,1 4
  X     O,0 1 6
  X      ,4
OO XXOXXO,2
OO XXOXX ,2
OO XXOXOX,2
OO XXOX X,2
OO XXOX  ,2
OO XX XOX,2
OO XX XO ,2 5
OO XX XXO,2
OO XX X O,2 5
OO XX X  ,2
OO XXOOXX,2
OO XXO XX,2
OO XXO X ,2
OO XX OXX,2
OO XX OX ,5
OO XX  XO,5
OO XX  X ,2
OO XXO  X,2
OO XX O X,5
OO XX  OX,5
OO XX   X,2
OO XX    ,5
O OXXOXX ,1 8
O OXXOXOX,1
O OXXOX X,1
O OXXOX  ,
O OXX XOX,1
O OXX XO ,5
O OXX XXO,1 5
O OXX X O,5
O OXX X  ,1
O OXXOOXX,1
O OXXO XX,1
O OXXO X ,1
O OXX OXX,1
O OXX OX ,1 5
O OXX  XO,1 5
O OXX  X ,1
O OXXO  X,1
O OXX O X,5
O OXX  OX,5
O OXX   X,1
O OXX    ,5
O  XXOXOX,2
O  XXOXO ,2
O  XXOXXO,2
O  XXOX O,2
O  XXOX  ,2
O  XXOOXX,1
O  XXOOX ,1
O  XXO XO,1
O  XXO X ,1
O  XXOO X,1 2 7
O  XXO OX,1 2 6
O  XXO  X,1 2 6 7
O  XXO   ,1 2 7 8
O  XX OXO,1 5
O  XX OX ,
O  XX OOX,5
O  XX O X,5
O  XX O  ,5
O  XX XOO,2 5
O  XX XO ,
O  XX  OX,5
O  XX  O ,5
O  XX X O,
O  XX  XO,
O  XX   O,5
O  XX    ,5
OO XOXXX ,2 8
OO XOXX X,2 7
OO XOXX  ,
OO X XXOX,2 4
OO X XXO ,4
OO X XXXO,2 4
OO X XX O,4
OO X XX  ,2
OO XOXOXX,2
OO XOX XX,2
OO XOX X ,
OO X XOXX,2
OO X XOX ,4
OO X X XO,4
OO X X X ,2
OO XOX  X,2
OO X XO X,2 4
OO X X OX,2 4
OO X X  X,2
OO X X   ,4
O OXOXXX ,1 8
O OXOXXOX,1
O OXOXX X,1
O OXOXX  ,
O OX XXOX,1
O OX XXO ,4
O OX XXXO,1 4
O OX XX O,4
O OX XX  ,1
O OXOX XX,1 6
O OXOX X ,
O OX XOXX,1 4
O OX XOX ,4
O OX X XO,4
O OX X X ,1
O OXOX  X,
O OX XO X,4
O OX X OX,4
O OX X  X,1
O OX X   ,4
O  XOXXOX,1
O  XOXXO ,
O  XOXX  ,8
O  XOXOXX,2
O  XOXOX ,
O  XOX X ,8
O  XOXO X,2
O  XOX OX,2
O  XOX  X,2
O  XOX   ,
O  X XOXO,4
O  X XOX ,4
O  X XOOX,2 4
O  X XO X,
O  X XO  ,4
O  X XXOO,4
O  X XXO ,4
O  X X OX,
O  X X O ,4
O  X XX O,4
O  X X XO,4
O  X X  O,4
O  X X   ,4
OO XO XX ,8
OO X OXX ,8
OO X  XXO,
OO X  XX ,2
OO XO X X,7
OO X OX X,7
OO X  XOX,
OO X  X X,2
OO X  X  ,
O OXO XX ,8
O OX OXX ,8
O OX  XXO,
O OX  XX ,1
O OXO X X,7
O OX OX X,7
O OX  XOX,1
O OX  X X,1
O OX  X  ,
O  XOOXX ,8
O  XO XX ,8
O  XOOX X,7
O  XO XOX,1
O  XO X X,7
O  XO X  ,8
O  X OXXO,
O  X OXX ,8
O  X OXOX,1 2 4
O  X OX X,7
O  X OX  ,2 8
O  X  XOX,1
O  X  XO ,4
O  X  XXO,4
O  X  X O,4
O  X  X  ,1 2
OO XO  XX,6
OO X O XX,6
OO X  OXX,2
OO X   XX,2
OO X   X ,2
O OXO  XX,6
O OX O XX,6
O OX  OXX,
O OX   XX,1
O OX   X ,
O  XOO XX,6
O  XO OXX,2
O  XO  XX,6
O  XO  X ,8
O  X OOXX,1 2 4
O  X O XX,6
O  X O X ,1 2 4 8
O  X  OXX,2
O  X  OX ,4
O  X   XO,4
O  X   X ,2
OO X    X,2
O OX    X,1
O  XO   X,1 2 6 7
O  X O  X,1 2 4 6 7
O  X  O X,5
O  X   OX,5
O  X    X,2 4 5
O  X     ,1 2 4 8
 OOXXOXX ,0 8
 OOXXOXOX,0
 OOXXOX X,0
 OOXXOX  ,0
 OOXX XOX,0
 OOXX XO ,0 5
 OOXX XXO,0 5
 OOXX X O,0 5
 OOXX X  ,0
 OOXXOOXX,0
 OOXXO XX,0
 OOXXO X ,
 OOXX OXX,0
 OOXX OX ,5
 OOXX  XO,5
 OOXX  X ,0
 OOXXO  X,0
 OOXX O X,0 5
 OOXX  OX,0 5
 OOXX   X,0
 OOXX    ,5
 O XXOXOX,
 O XXOXO ,0 2
 O XXOXXO,2
 O XXOX O,0 2
 O XXOX  ,
 O XXOOXX,0
 O XXOOX ,0 2 8
 O XXO XO,2
 O XXO X ,2
 O XXOO X,0
 O XXO OX,0
 O XXO  X,0
 O XXO   ,0 6
 O XX OXO,5
 O XX OX ,5
 O XX OOX,0 5
 O XX O X,
 O XX O  ,5
 O XX XOO,0 2 5
 O XX XO ,
 O XX  OX,
 O XX  O ,5
 O XX X O,
 O XX  XO,5
 O XX   O,5
 O XX    ,
 OOXOXXXO,0
 OOXOXXX ,0
 OOXOXX X,0 7
 OOXOXX  ,0
 OOX XXOX,0 4
 OOX XXO ,0 4
 OOX XXXO,0
 OOX XX O,0 4
 OOX XX  ,0
 OOXOX XX,0 6
 OOXOX X ,
 OOX XOXX,0 4
 OOX XOX ,4
 OOX X XO,4
 OOX X X ,0
 OOXOX  X,
 OOX XO X,4
 OOX X OX,4
 OOX X  X,0
 OOX X   ,4
 O XOXXXO,0
 O XOXX O,0
 O XOXX  ,7
 O XOXOXX,2
 O XOXOX ,2
 O XOX XO,0
 O XOX X ,0 2
 O XOXO X,2
 O XOX  X,7
 O XOX   ,
 O X XOXO,4
 O X XOX ,4
 O X XOOX,2 4
 O X XO X,
 O X XO  ,4
 O X XXOO,0 4
 O X XXO ,4
 O X X OX,4
 O X X O ,4
 O X XX O,
 O X X XO,4
 O X X  O,4
 O X X   ,4
 OOXO XX ,0 8
 OOX OXX ,0 8
 OOX  XXO,0
 OOX  XX ,0
 OOXO X X,0 7
 OOX OX X,0 7
 OOX  XOX,0
 OOX  X X,0
 OOX  X  ,0
 O XOOXX ,0 8
 O XO XXO,0
 O XO XX ,
 O XOOX X,0 7
 O XO X X,7
 O XO X  ,0
 O X OXXO,0
 O X OXX ,
 O X OXOX,0
 O X OX X,
 O X OX  ,0
 O X  XOX,4
 O X  XO ,0
 O X  XXO,0
 O X  X O,0
 O X  X  ,0
 OOXO  XX,6
 OOX O XX,6
 OOX  OXX,
 OOX   XX,0
 OOX   X ,0
 O XOO XX,6
 O XO OXX,2
 O XO  XX,6
 O XO  X ,6
 O X OOXX,0 2 4
 O X O XX,6
 O X O X ,6
 O X  OXX,2
 O X  OX ,0 2 4 5
 O X   XO,0 2 4 5
 O X   X ,6 8
 OOX    X,0
 O XO   X,7
 O X O  X,0 6
 O X  O X,4 5
 O X   OX,4
 O X    X,4
 O X     ,0 4
  OXXOXOX,0
  OXXOXO ,0
  OXXOX  ,8
  OXXOOXX,
  OXXOOX ,1
  OXXO X ,8
  OXXOO X,0
  OXXO OX,0
  OXXO  X,0
  OXXO   ,8
  OXX OXO,1 5
  OXX OX ,
  OXX OOX,0 5
  OXX O X,
  OXX O  ,5
  OXX XOO,0 5
  OXX XO ,
  OXX  OX,
  OXX  O ,5
  OXX X O,5
  OXX  XO,5
  OXX   O,5
  OXX    ,5
  OXOXXOX,1
  OXOXXO ,0
  OXOXXXO,0
  OXOXX O,0
  OXOXX  ,0
  OXOX XO,
  OXOX X ,6
  OXOX OX,
  OXOX  X,6
  OXOX   ,
  OX XOXO,4
  OX XOX ,4
  OX XOOX,4
  OX XO X,4
  OX XO  ,4
  OX XXOO,0 4
  OX XXO ,
  OX X OX,4
  OX X O ,4
  OX XX O,
  OX X XO,4
  OX X  O,4
  OX X   ,4
  OXOOXX ,0 8
  OXO XXO,0
  OXO XX ,
  OXOOX X,0 7
  OXO XOX,0
  OXO X X,
  OXO X  ,0
  OX OXX ,8
  OX OXOX,0
  OX OX X,
  OX OX  ,0
  OX  XOX,0
  OX  XO ,0
  OX  XXO,5
  OX  X O,0
  OX  X  ,0
  OXOO XX,6
  OXO  XX,6
  OXO  X ,6
  OX OOXX,4
  OX O XX,
  OX O X ,8
  OX  OXX,4
  OX  OX ,4
  OX   XO,
  OX   X ,0 8
  OXO   X,6
  OX O  X,0 6
  OX  O X,4
  OX   OX,0 4
  OX    X,0
  OX     ,0
   XOXOXO,
   XOXOX ,2
   XOXOOX,2
   XOXO X,2
   XOXO  ,
   XOXXOO,0
   XOXXO ,1
   XOX OX,1
   XOX O ,
   XOXX O,0
   XOX XO,0
   XOX  O,
   XOX   ,0 1 2 6 7 8
   XOOXXO,0
   XOOXX ,
   XOOXOX,0
   XOOX X,
   XOOX  ,0
   XO XOX,1
   XO XO ,0
   XO XXO,0
   XO X O,0
   XO X  ,0
   XOOOXX,2
   XOO XX,6
   XOO X ,6
   XO OXX,2
   XO OX ,2
   XO  XO,0
   XO  X ,0 6 8
   XOO  X,6
   XO O X,2
   XO  OX,1
   XO   X,0 1 6 7
   XO    ,0 1 2 6 7 8
   XXOOXO,1
   XXOOX ,1
   XXOOOX,0
   XXOO X,0
   XXOO  ,1 2 7 8
   XXOXOO,0 2
   XXOXO ,
   XXO OX,0
   XXO O ,0 6
   XXOX O,2
   XXO XO,2
   XXO  O,2
   XXO   ,0 2 6 8
   X OXOX,0
   X OXO ,0
   X OXXO,2
   X OX O,0
   X OX  ,0
   X OOXX,0 1 4
   X OOX ,1 2 4 8
   X O XO,2
   X O X ,0 6
   X OO X,0 1 2 4 7
   X O OX,0
   X O  X,0 6
   X O   ,0 1 2 4 6 7 8
   XX OOX,
   XX OO ,5
   XX OXO,
   XX O O,5
   XX O  ,5
   X XOOX,
   X XOO ,4
   X XOXO,4
   X XO O,4
   X XO  ,4
   X  OXO,4
   X  OX ,1 4 5
   X  OOX,4 5
   X  O X,4 5
   X  O  ,2 4 7 8
   XX XOO,
   XX  OO,5
   XX  O ,
   X XXOO,
   X X OO,4
   X X O ,4
   X  XOO,0
   X  XO ,
   X   OX,4
   X   O ,4 6
   XX   O,5
   X X  O,4
   X  X O,
   X   XO,2
   X    O,6
   X     ,0 4 5 6
OO OXXXXO,2
OO OXXXX ,2
OO OXXXOX,2
OO OXXX X,2
OO OXXX  ,2
OO  XXXOX,2
OO  XXXO ,2 3
OO  XXXXO,2
OO  XXX O,2 3
OO  XXX  ,2
OO OXX XX,2 6
OO OXX X ,
OO  XXOXX,2 3
OO  XXOX ,3
OO  XX XO,3
OO  XX X ,2
OO OXX  X,2
OO  XXO X,2 3
OO  XX OX,2 3
OO  XX  X,2
OO  XX   ,3
O OOXXXXO,1
O OOXXXX ,1
O OOXXXOX,1
O OOXXX X,1
O OOXXX  ,1
O O XXXOX,1
O O XXXO ,3
O O XXXXO,1
O O XXX O,3
O O XXX  ,1
O OOXX XX,1 6
O OOXX X ,1
O O XXOXX,1 3
O O XXOX ,1 3
O O XX XO,1 3
O O XX X ,1
O OOXX  X,
O O XXO X,3
O O XX OX,3
O O XX  X,1
O O XX   ,3
O  OXXXOX,2
O  OXXXO ,2
O  OXXXXO,
O  OXXX O,2
O  OXXX  ,2
O  OXX XO,1
O  OXX X ,6
O  OXX OX,2
O  OXX  X,6
O  OXX   ,6
O   XXOXO,1 3
O   XXOX ,3
O   XXOOX,2 3
O   XXO X,3
O   XXO  ,3
O   XXXOO,2 3
O   XXXO ,
O   XX OX,
O   XX O ,3
O   XXX O,
O   XX XO,
O   XX  O,3
O   XX   ,3
OO OX XX ,2 8
OO  XOXX ,2 8
OO  X XXO,2
OO  X XX ,2
OO OX X X,2 7
OO  XOX X,2 7
OO  X XOX,2
OO  X X X,2
OO  X X  ,2
O OOX XX ,1 8
O O XOXX ,1 8
O O X XXO,1
O O X XX ,1
O OOX X X,7
O O XOX X,7
O O X XOX,1
O O X X X,1
O O X X  ,1
O  OXOXX ,1 2 8
O  OX XXO,1 2
O  OX XX ,
O  OXOX X,2 7
O  OX XOX,2
O  OX X X,
O  OX X  ,2
O   XOXXO,1 2
O   XOXX ,
O   XOXOX,2
O   XOX X,
O   XOX  ,2
O   X XOX,2
O   X XO ,2
O   X XXO,
O   X X O,2
O   X X  ,2
OO OX  XX,6
OO  XO XX,6
OO  X OXX,
OO  X  XX,2
OO  X  X ,2
O OOX  XX,1 6
O O XO XX,1 6
O O X OXX,1
O O X  XX,1
O O X  X ,1
O  OXO XX,1 6
O  OX  XX,6
O  OX  X ,1
O   XOOXX,1
O   XO XX,
O   XO X ,1
O   X OXX,3
O   X OX ,1
O   X  XO,1
O   X  X ,1
OO  X   X,2
O O X   X,1
O  OX   X,6
O   XO  X,6 7
O   X O X,3
O   X  OX,2 5
O   X   X,2 6
O   X    ,1 2 3 5 6 7 8
 OOOXXXXO,0
 OOOXXXX ,0
 OOOXXXOX,0
 OOOXXX X,0
 OOOXXX  ,0
 OO XXXOX,0
 OO XXXO ,3
 OO XXXXO,0
 OO XXX O,3
 OO XXX  ,0
 OOOXXOXX,0
 OOOXX XX,0
 OOOXX X ,0
 OO XXOXX,0
 OO XXOX ,3
 OO XX XO,3
 OO XX X ,0
 OOOXX  X,0
 OO XXO X,0 3
 OO XX OX,0 3
 OO XX  X,0
 OO XX   ,3
 O OXXXOX,
 O OXXXO ,2
 O OXXXXO,2
 O OXXX O,2
 O OXXX  ,2
 O OXXOXX,0
 O OXXOX ,0
 O OXX XO,0 2 6
 O OXX X ,0
 O OXXO X,0 2
 O OXX OX,0 2
 O OXX  X,
 O OXX   ,2 8
 O  XXOXO,3
 O  XXOX ,3
 O  XXOOX,0 2 3
 O  XXO X,
 O  XXO  ,3
 O  XXXOO,2 3
 O  XXXO ,
 O  XX OX,
 O  XX O ,3
 O  XXX O,
 O  XX XO,3
 O  XX  O,3
 O  XX   ,
 OOOX XX ,8
 OO XOXX ,8
 OO X XXO,
 OO X XX ,0
 OOOX X X,0 7
 OO XOX X,0 7
 OO X XOX,0
 OO X X X,0
 OO X X  ,0
 O OXOXX ,2 8
 O OX XXO,2
 O OX XX ,
 O OXOX X,0 2 7
 O OX XOX,0 2
 O OX X X,
 O OX X  ,2
 O  XOXXO,2
 O  XOXX ,
 O  XOXOX,0 2
 O  XOX X,
 O  XOX  ,2
 O  X XOX,
 O  X XO ,2
 O  X XXO,2
 O  X X O,2
 O  X X  ,
 OOOX  XX,0 6
 OO XO XX,0 6
 OO X OXX,0
 OO X  XX,0
 OO X  X ,0
 O OXO XX,0 6
 O OX OXX,0
 O OX  XX,
 O OX  X ,6 8
 O  XOOXX,0
 O  XO XX,
 O  XO X ,6 8
 O  X OXX,0
 O  X OX ,0 2 3 5
 O  X  XO,0 2 3 5
 O  X  X ,0 2 6 8
 OO X   X,0
 O OX   X,0
 O  XO  X,0
 O  X O X,0
 O  X  OX,0
 O  X   X,
 O  X    ,0 2 3 5 6 8
  OOXXXOX,0
  OOXXXO ,0 1 8
  OOXXXXO,1
  OOXXX O,0 1 7
  OOXXX  ,0 1 7 8
  OOXXOXX,0
  OOXXOX ,1
  OOXX XO,1
  OOXX X ,1
  OOXXO X,0
  OOXX OX,0
  OOXX  X,0
  OOXX   ,0 1 6 7
  O XXOXO,1 3
  O XXOX ,
  O XXOOX,0 3
  O XXO X,
  O XXO  ,3
  O XXXOO,3
  O XXXO ,3
  O XX OX,
  O XX O ,3
  O XXX O,3
  O XX XO,
  O XX  O,3
  O XX   ,3
  OOXOXX ,1 8
  OOX XXO,1
  OOX XX ,
  OOXOX X,0 7
  OOX XOX,0
  OOX X X,
  OOX X  ,7 8
  O XOXX ,8
  O XOXOX,0
  O XOX X,
  O XOX  ,8
  O X XOX,0
  O X XO ,0 3
  O X XXO,5
  O X X O,5
  O X X  ,0 8
  OOXO XX,0 1 6
  OOX OXX,0 1
  OOX  XX,
  OOX  X ,1
  O XOOXX,0 1
  O XO XX,
  O XO X ,1
  O X OXX,
  O X OX ,1
  O X  XO,1
  O X  X ,1
  OOX   X,0
  O XO  X,0
  O X O X,0
  O X  OX,0
  O X   X,0
  O X    ,0 1 3 5 6 7 8
   OXXOXO,1
   OXXOX ,0
   OXXOOX,0 2
   OXXO X,0
   OXXO  ,0
   OXXXOO,2
   OXXXO ,2
   OXX OX,
   OXX O ,2 8
   OXXX O,2
   OXX XO,1
   OXX  O,0 1 6 7
   OXX   ,0 2 6 8
   OXOXXO,1 2
   OXOXX ,
   OXOXOX,0 2
   OXOX X,
   OXOX  ,2
   OX XOX,
   OX XO ,2
   OX XXO,
   OX X O,2
   OX X  ,
   OXOOXX,0 1
   OXO XX,
   OXO X ,1
   OX OXX,0
   OX OX ,1
   OX  XO,1
   OX  X ,
   OXO  X,0
   OX O X,0
   OX  OX,0
   OX   X,
   OX    ,0 1 2 6 7 8
    XOXOX,
    XOXO ,2
    XOXXO,2
    XOX O,2
    XOX  ,
    XOOXX,
    XOOX ,1
    XO XO,1
    XO X ,
    XOO X,0
    XO OX,0
    XO  X,
    XO   ,0 1 2 6 7 8
    XXOOX,
    XXOO ,3
    XXOXO,
    XXO O,3
    XXO  ,3
    X OXO,1
    X OX ,1
    X OOX,0
    X O X,0
    X O  ,0 1 2 3 5 7 8
    XXXOO,
    XX OO,3
    XX O ,
    X XOO,2
    X XO ,
    X  OX,
    X  O ,0 2 3 5 6 8
    XX  O,3
    X X O,2
    X  XO,1
    X   O,0 1 2 3 5 6 7
    X    ,0 2 6 8
OO O XXX ,8
OO  OXXX ,8
OO   XXXO,
OO   XXX ,2
OO O XX X,2 7
OO  OXX X,2 7
OO   XXOX,2
OO   XX X,2
OO   XX  ,2
O OO XXX ,8
O O OXXX ,8
O O  XXXO,
O O  XXX ,1
O OO XX X,7
O O OXX X,7
O O  XXOX,1
O O  XX X,1
O O  XX  ,1
O  OOXXX ,8
O  O XXXO,4
O  O XXX ,
O  OOXX X,2 7
O  O XXOX,2
O  O XX X,
O  O XX  ,2 8
O   OXXX ,8
O   OXXOX,2
O   OXX X,
O   OXX  ,8
O    XXOX,2
O    XXO ,2 4
O    XXXO,4
O    XX O,4
O    XX  ,2
OO O X XX,2 6
OO  OX XX,2 6
OO   XOXX,2
OO   X XX,2
OO   X X ,2
O OO X XX,6
O O OX XX,6
O O  XOXX,
O O  X XX,1
O O  X X ,
O  OOX XX,2 6
O  O X XX,6
O  O X X ,6
O   OXOXX,2
O   OX XX,
O   OX X ,8
O    XOXX,3
O    XOX ,
O    X XO,4
O    X X ,2 6
OO   X  X,2
O O  X  X,
O  O X  X,2
O   OX  X,2
O    XO X,2
O    X OX,2
O    X  X,2
O    X   ,2
 OOO XXX ,8
 OO OXXX ,8
 OO  XXXO,0
 OO  XXX ,0
 OOO XX X,7
 OO OXX X,7
 OO  XXOX,
 OO  XX X,0
 OO  XX  ,0
 O OOXXX ,8
 O O XXXO,0 2 4
 O O XXX ,8
 O OOXX X,2 7
 O O XXOX,2
 O O XX X,
 O O XX  ,2 8
 O  OXXXO,0
 O  OXXX ,8
 O  OXX X,7
 O  OXX  ,7
 O   XXOX,4
 O   XXO ,4
 O   XXXO,0
 O   XX O,3 4
 O   XX  ,4
 OOO X XX,6
 OO OX XX,6
 OO  XOXX,
 OO  X XX,0
 OO  X X ,0
 O OOX XX,2 6
 O O XOXX,2
 O O X XX,
 O O X X ,8
 O  OXOXX,2
 O  OX XX,
 O  OX X ,8
 O   XOXX,2
 O   XOX ,0 2 3 4
 O   X XO,0 2 3 4
 O   X X ,6 8
 OO  X  X,
 O O X  X,2
 O  OX  X,2
 O   XO X,2
 O   X OX,2
 O   X  X,2
 O   X   ,2 4
  OOOXXX ,8
  OO XXXO,0 1 4
  OO XXX ,8
  OOOXX X,7
  OO XXOX,0 1 4
  OO XX X,7
  OO XX  ,0 1 4 7 8
  O OXXXO,0
  O OXXX ,8
  O OXXOX,1
  O OXX X,7
  O OXX  ,0 1 7 8
  O  XXOX,1
  O  XXO ,3
  O  XXXO,0
  O  XX O,3
  O  XX  ,0 3 4
  OOOX XX,6
  OO XOXX,
  OO X XX,6
  OO X X ,0 1 4 6
  O OX XX,6
  O OX X ,6
  O  XOXX,4
  O  XOX ,4
  O  X XO,4
  O  X X ,0
  OO X  X,0 6
  O OX  X,6
  O  XO X,4
  O  X OX,4
  O  X  X,0 1
  O  X   ,0 1 4 6
   OOXXXO,0
   OOXXX ,8
   OOXXOX,2
   OOXX X,
   OOXX  ,8
   O XXOX,2
   O XXO ,2
   O XXXO,1 2 4
   O XX O,0 1 2 4 7
   O XX  ,2 8
   OOXOXX,2
   OOX XX,
   OOX X ,8
   O XOXX,0
   O XOX ,0
   O X XO,0 1 4 6
   O X X ,2 8
   OOX  X,2
   O XO X,2
   O X OX,2
   O X  X,2
   O X   ,0 1 2 4 6 7 8
    OXXOX,1
    OXXO ,1
    OXXXO,0
    OXX O,0
    OXX  ,1 2 7 8
    OXOXX,2
    OXOX ,2
    OX XO,0
    OX X ,2 6 8
    OXO X,2
    OX OX,2
    OX  X,2
    OX   ,0 1 2 6 7 8
     XOXO,4
     XOX ,0
     XOOX,2
     XO X,
     XO  ,8
     XXOO,3 4
     XXO ,4
     X OX,
     X O ,4 8
     XX O,3 4
     X XO,1 3 4
     X  O,0 4 6 7
     X   ,2 3 4 8
OO    XX ,8
O O   XX ,8
O  O  XX ,8
O   O XX ,8
O    OXX ,8
O     XXO,4
O     XX ,
OO    X X,7
O O   X X,7
O  O  X X,7
O   O X X,7
O    OX X,7
O     XOX,2
O     X X,
O     X  ,2 7 8
 OO   XX ,8
 O O  XX ,8
 O  O XX ,8
 O   OXX ,8
 O    XXO,0 2
 O    XX ,8
 OO   X X,7
 O O  X X,7
 O  O X X,7
 O   OX X,7
 O    XOX,4
 O    X X,
 O    X  ,0 4 8
  OO  XX ,8
  O O XX ,8
  O  OXX ,8
  O   XXO,
  O   XX ,8
  OO  X X,7
  O O X X,7
  O  OX X,7
  O   XOX,0
  O   X X,
  O   X  ,0 8
   OO XX ,8
   O OXX ,8
   O  XXO,4
   O  XX ,
   OO X X,7
   O OX X,7
   O  XOX,2 4
   O  X X,
   O  X  ,4 7 8
    OOXX ,8
    O XXO,0
    O XX ,8
    OOX X,7
    O XOX,1
    O X X,7
    O X  ,0 1 2 3 5 7 8
     OXXO,
     OXX ,8
     OXOX,0 4
     OX X,
     OX  ,0 4 8
      XOX,4
      XO ,0 3 4
      XXO,2 5
      X O,0 2 3
      X  ,4
OO     XX,6
O O    XX,6
O  O   XX,6
O   O  XX,6
O    O XX,6
O     OXX,
O      XX,6
O      X ,6
 OO    XX,6
 O O   XX,6
 O  O  XX,6
 O   O XX,6
 O    OXX,0 2
 O     XX,6
 O     X ,0 2 3 4 5 6 8
  OO   XX,6
  O O  XX,6
  O  O XX,6
  O   OXX,4
  O    XX,
  O    X ,8
   OO  XX,6
   O O XX,6
   O  OXX,
   O   XX,6
   O   X ,4 6
    OO XX,6
    O OXX,2
    O  XX,6
    O  X ,0 2 3 5 6 8
     OOXX,4
     O XX,
     O X ,4 8
      OXX,0 3
      OX ,0 2 3 4
       XO,0 2 4 5
       X ,1 4 6 8
O       X,2 6
 O      X,2 4 6
  O     X,0 6 7
   O    X,2 4 6
    O   X,0 1 2 3 5 6 7
     O  X,4 6 7
      O X,0 2 5
       OX,2 4 5
        X,4
         ,0 1 2 3 4 5 6 7 8
